file,i,j,compressed,num_pages,input_bytes_plain,input_bytes_hybrid,output_bytes_plain,output_bytes_hybrid,num_values_plain,num_values_hybrid,time
/dev/shm/with_compression/parquet-1/customer.parquet,0,0,1,3,600355,278816,151424,1048576,18928,131072,1131
/dev/shm/with_compression/parquet-1/customer.parquet,0,1,1,2,101,94066,0,600000,0,150000,139
/dev/shm/with_compression/parquet-1/customer.parquet,0,2,1,3,791450,315936,77696,1122304,9712,140288,1151
/dev/shm/with_compression/parquet-1/lineitem.parquet,0,0,1,7,1338447,1109539,4186112,4202496,523264,525312,4060
/dev/shm/with_compression/parquet-1/lineitem.parquet,1,0,1,7,1339608,1117606,4194304,4194304,524288,524288,4029
/dev/shm/with_compression/parquet-1/lineitem.parquet,2,0,1,7,1340708,1112196,4194304,4194304,524288,524288,4046
/dev/shm/with_compression/parquet-1/lineitem.parquet,3,0,1,7,1337838,1122069,4177920,4210688,522240,526336,4027
/dev/shm/with_compression/parquet-1/lineitem.parquet,4,0,1,7,1338494,1114016,4186112,4202496,523264,525312,4038
/dev/shm/with_compression/parquet-1/lineitem.parquet,5,0,1,5,886935,1113800,1872376,4194304,234047,524288,2627
/dev/shm/with_compression/parquet-1/lineitem.parquet,0,1,1,9,4542066,481985,6676480,1712128,834560,214016,6286
/dev/shm/with_compression/parquet-1/lineitem.parquet,1,1,1,9,4542261,481990,6676480,1712128,834560,214016,6291
/dev/shm/with_compression/parquet-1/lineitem.parquet,2,1,1,9,4542901,481986,6676480,1712128,834560,214016,6286
/dev/shm/with_compression/parquet-1/lineitem.parquet,3,1,1,9,4547050,479678,6684672,1703936,835584,212992,6298
/dev/shm/with_compression/parquet-1/lineitem.parquet,4,1,1,9,4545852,479683,6684672,1703936,835584,212992,6302
/dev/shm/with_compression/parquet-1/lineitem.parquet,5,1,1,7,3179230,481984,4354552,1712128,544319,214016,4561
/dev/shm/with_compression/parquet-1/lineitem.parquet,0,2,1,3,40076,1837201,0,8388608,0,1048576,1125
/dev/shm/with_compression/parquet-1/lineitem.parquet,1,2,1,3,40096,1837201,0,8388608,0,1048576,1075
/dev/shm/with_compression/parquet-1/lineitem.parquet,2,2,1,3,40093,1837201,0,8388608,0,1048576,1084
/dev/shm/with_compression/parquet-1/lineitem.parquet,3,2,1,3,40106,1837201,0,8388608,0,1048576,1085
/dev/shm/with_compression/parquet-1/lineitem.parquet,4,2,1,3,40080,1837201,0,8388608,0,1048576,1077
/dev/shm/with_compression/parquet-1/lineitem.parquet,5,2,1,3,40116,1328681,0,6066680,0,758335,833
/dev/shm/with_compression/parquet-1/lineitem.parquet,0,3,1,2,40,251059,0,8388608,0,1048576,700
/dev/shm/with_compression/parquet-1/lineitem.parquet,1,3,1,2,40,250648,0,8388608,0,1048576,710
/dev/shm/with_compression/parquet-1/lineitem.parquet,2,3,1,2,40,251353,0,8388608,0,1048576,700
/dev/shm/with_compression/parquet-1/lineitem.parquet,3,3,1,2,40,250899,0,8388608,0,1048576,692
/dev/shm/with_compression/parquet-1/lineitem.parquet,4,3,1,2,40,250897,0,8388608,0,1048576,697
/dev/shm/with_compression/parquet-1/lineitem.parquet,5,3,1,2,40,181309,0,6066680,0,758335,525
/dev/shm/with_compression/parquet-1/lineitem.parquet,0,4,1,2,212,788565,0,8388608,0,1048576,832
/dev/shm/with_compression/parquet-1/lineitem.parquet,1,4,1,2,215,788565,0,8388608,0,1048576,826
/dev/shm/with_compression/parquet-1/lineitem.parquet,2,4,1,2,211,788565,0,8388608,0,1048576,832
/dev/shm/with_compression/parquet-1/lineitem.parquet,3,4,1,2,215,788565,0,8388608,0,1048576,828
/dev/shm/with_compression/parquet-1/lineitem.parquet,4,4,1,2,214,788565,0,8388608,0,1048576,835
/dev/shm/with_compression/parquet-1/lineitem.parquet,5,4,1,2,218,570296,0,6066680,0,758335,631
/dev/shm/with_compression/parquet-1/lineitem.parquet,0,5,1,9,5972278,322850,7241728,1146880,905216,143360,6755
/dev/shm/with_compression/parquet-1/lineitem.parquet,1,5,1,9,5971408,322860,7241728,1146880,905216,143360,6780
/dev/shm/with_compression/parquet-1/lineitem.parquet,2,5,1,9,5972735,322859,7241728,1146880,905216,143360,6820
/dev/shm/with_compression/parquet-1/lineitem.parquet,3,5,1,9,5970949,322854,7241728,1146880,905216,143360,6846
/dev/shm/with_compression/parquet-1/lineitem.parquet,4,5,1,9,5970286,322860,7241728,1146880,905216,143360,6827
/dev/shm/with_compression/parquet-1/lineitem.parquet,5,5,1,7,4300725,322867,4919800,1146880,614975,143360,5031
/dev/shm/with_compression/parquet-1/lineitem.parquet,0,6,1,2,70,526409,0,8388608,0,1048576,807
/dev/shm/with_compression/parquet-1/lineitem.parquet,1,6,1,2,70,526409,0,8388608,0,1048576,796
/dev/shm/with_compression/parquet-1/lineitem.parquet,2,6,1,2,65,526409,0,8388608,0,1048576,806
/dev/shm/with_compression/parquet-1/lineitem.parquet,3,6,1,2,71,526409,0,8388608,0,1048576,798
/dev/shm/with_compression/parquet-1/lineitem.parquet,4,6,1,2,70,526409,0,8388608,0,1048576,803
/dev/shm/with_compression/parquet-1/lineitem.parquet,5,6,1,2,68,380703,0,6066680,0,758335,615
/dev/shm/with_compression/parquet-1/lineitem.parquet,0,7,1,2,57,526409,0,8388608,0,1048576,805
/dev/shm/with_compression/parquet-1/lineitem.parquet,1,7,1,2,58,526409,0,8388608,0,1048576,804
/dev/shm/with_compression/parquet-1/lineitem.parquet,2,7,1,2,56,526409,0,8388608,0,1048576,836
/dev/shm/with_compression/parquet-1/lineitem.parquet,3,7,1,2,54,526409,0,8388608,0,1048576,814
/dev/shm/with_compression/parquet-1/lineitem.parquet,4,7,1,2,54,526409,0,8388608,0,1048576,810
/dev/shm/with_compression/parquet-1/lineitem.parquet,5,7,1,2,54,380703,0,6066680,0,758335,610
/dev/shm/with_compression/parquet-1/lineitem.parquet,0,8,1,3,10109,1575044,0,4194304,0,1048576,910
/dev/shm/with_compression/parquet-1/lineitem.parquet,1,8,1,3,10112,1575044,0,4194304,0,1048576,938
/dev/shm/with_compression/parquet-1/lineitem.parquet,2,8,1,3,10109,1575044,0,4194304,0,1048576,936
/dev/shm/with_compression/parquet-1/lineitem.parquet,3,8,1,3,10109,1575044,0,4194304,0,1048576,935
/dev/shm/with_compression/parquet-1/lineitem.parquet,4,8,1,3,10110,1575044,0,4194304,0,1048576,931
/dev/shm/with_compression/parquet-1/lineitem.parquet,5,8,1,3,10109,1139087,0,3033340,0,758335,673
/dev/shm/with_compression/parquet-1/lineitem.parquet,0,9,1,3,9875,1575044,0,4194304,0,1048576,886
/dev/shm/with_compression/parquet-1/lineitem.parquet,1,9,1,3,9869,1575044,0,4194304,0,1048576,883
/dev/shm/with_compression/parquet-1/lineitem.parquet,2,9,1,3,9869,1575044,0,4194304,0,1048576,905
/dev/shm/with_compression/parquet-1/lineitem.parquet,3,9,1,3,9869,1575044,0,4194304,0,1048576,892
/dev/shm/with_compression/parquet-1/lineitem.parquet,4,9,1,3,9869,1575044,0,4194304,0,1048576,896
/dev/shm/with_compression/parquet-1/lineitem.parquet,5,9,1,3,9873,1139087,0,3033340,0,758335,669
/dev/shm/with_compression/parquet-1/lineitem.parquet,0,10,1,3,10201,1575044,0,4194304,0,1048576,892
/dev/shm/with_compression/parquet-1/lineitem.parquet,1,10,1,3,10209,1575044,0,4194304,0,1048576,890
/dev/shm/with_compression/parquet-1/lineitem.parquet,2,10,1,3,10205,1575044,0,4194304,0,1048576,890
/dev/shm/with_compression/parquet-1/lineitem.parquet,3,10,1,3,10205,1575044,0,4194304,0,1048576,899
/dev/shm/with_compression/parquet-1/lineitem.parquet,4,10,1,3,10197,1575044,0,4194304,0,1048576,890
/dev/shm/with_compression/parquet-1/lineitem.parquet,5,10,1,3,10207,1139087,0,3033340,0,758335,672
/dev/shm/with_compression/parquet-1/nation.parquet,0,0,1,2,103,30,0,100,0,25,127
/dev/shm/with_compression/parquet-1/nation.parquet,0,1,1,2,22,22,0,100,0,25,69
/dev/shm/with_compression/parquet-1/part.parquet,0,0,1,3,800459,278816,551424,1048576,68928,131072,1463
/dev/shm/with_compression/parquet-1/part.parquet,0,1,1,2,204,150418,0,800000,0,200000,162
/dev/shm/with_compression/parquet-1/part.parquet,0,2,1,2,86254,375427,0,1600000,0,200000,390
/dev/shm/with_compression/parquet-1/partsupp.parquet,0,0,1,6,1008276,1112750,2205696,4194304,275712,524288,2916
/dev/shm/with_compression/parquet-1/partsupp.parquet,0,1,1,3,40033,1401678,0,6400000,0,800000,910
/dev/shm/with_compression/parquet-1/partsupp.parquet,0,2,1,3,40083,1401678,0,6400000,0,800000,873
/dev/shm/with_compression/parquet-1/partsupp.parquet,0,3,1,3,481616,1701693,0,6400000,0,800000,1635
/dev/shm/with_compression/parquet-1/region.parquet,0,0,1,2,22,13,0,20,0,5,163
/dev/shm/with_compression/parquet-1/supplier.parquet,0,0,1,2,40045,17535,0,80000,0,10000,246
/dev/shm/with_compression/parquet-1/supplier.parquet,0,1,1,2,103,6284,0,40000,0,10000,126
/dev/shm/with_compression/parquet-1/supplier.parquet,0,2,1,2,55838,17535,0,80000,0,10000,171
/dev/shm/with_compression/parquet-3/customer.parquet,0,0,1,5,1800980,278816,2551424,1048576,318928,131072,2935
/dev/shm/with_compression/parquet-3/customer.parquet,0,1,1,2,101,282170,0,1800000,0,450000,258
/dev/shm/with_compression/parquet-3/customer.parquet,0,2,1,5,2470956,315936,2477696,1122304,309712,140288,3054
/dev/shm/with_compression/parquet-3/lineitem.parquet,0,0,1,7,1338447,1109539,4186112,4202496,523264,525312,4049
/dev/shm/with_compression/parquet-3/lineitem.parquet,1,0,1,7,1339608,1117606,4194304,4194304,524288,524288,4012
/dev/shm/with_compression/parquet-3/lineitem.parquet,2,0,1,7,1340708,1112196,4194304,4194304,524288,524288,4008
/dev/shm/with_compression/parquet-3/lineitem.parquet,3,0,1,7,1337838,1122069,4177920,4210688,522240,526336,4001
/dev/shm/with_compression/parquet-3/lineitem.parquet,4,0,1,7,1338494,1114016,4186112,4202496,523264,525312,4022
/dev/shm/with_compression/parquet-3/lineitem.parquet,5,0,1,7,1339324,1113800,4194304,4194304,524288,524288,4017
/dev/shm/with_compression/parquet-3/lineitem.parquet,6,0,1,8,1342929,1114285,4202496,4186112,525312,523264,4021
/dev/shm/with_compression/parquet-3/lineitem.parquet,7,0,1,7,1337936,1119694,4186112,4202496,523264,525312,4002
/dev/shm/with_compression/parquet-3/lineitem.parquet,8,0,1,7,1338970,1118206,4186112,4202496,523264,525312,4024
/dev/shm/with_compression/parquet-3/lineitem.parquet,9,0,1,7,1341544,1116870,4194304,4194304,524288,524288,4037
/dev/shm/with_compression/parquet-3/lineitem.parquet,10,0,1,8,1340888,1115127,4202496,4186112,525312,523264,4045
/dev/shm/with_compression/parquet-3/lineitem.parquet,11,0,1,7,1341725,1116839,4194304,4194304,524288,524288,4043
/dev/shm/with_compression/parquet-3/lineitem.parquet,12,0,1,7,1339484,1118725,4186112,4202496,523264,525312,4051
/dev/shm/with_compression/parquet-3/lineitem.parquet,13,0,1,7,1338314,1119650,4186112,4202496,523264,525312,4040
/dev/shm/with_compression/parquet-3/lineitem.parquet,14,0,1,7,1340093,1115094,4194304,4194304,524288,524288,4024
/dev/shm/with_compression/parquet-3/lineitem.parquet,15,0,1,7,1338791,1116073,4186112,4202496,523264,525312,4017
/dev/shm/with_compression/parquet-3/lineitem.parquet,16,0,1,7,1339659,1113548,4186112,4202496,523264,525312,4004
/dev/shm/with_compression/parquet-3/lineitem.parquet,17,0,1,2,169799,165176,0,1366536,0,170817,747
/dev/shm/with_compression/parquet-3/lineitem.parquet,0,1,1,9,5044297,334387,7200768,1187840,900096,148480,6691
/dev/shm/with_compression/parquet-3/lineitem.parquet,1,1,1,9,5045147,334385,7200768,1187840,900096,148480,6751
/dev/shm/with_compression/parquet-3/lineitem.parquet,2,1,1,9,5044250,334394,7200768,1187840,900096,148480,6752
/dev/shm/with_compression/parquet-3/lineitem.parquet,3,1,1,9,5044618,334388,7200768,1187840,900096,148480,6788
/dev/shm/with_compression/parquet-3/lineitem.parquet,4,1,1,9,5044464,334383,7200768,1187840,900096,148480,6782
/dev/shm/with_compression/parquet-3/lineitem.parquet,5,1,1,9,5042869,334391,7200768,1187840,900096,148480,6769
/dev/shm/with_compression/parquet-3/lineitem.parquet,6,1,1,9,5044675,334385,7200768,1187840,900096,148480,6760
/dev/shm/with_compression/parquet-3/lineitem.parquet,7,1,1,9,5044490,334383,7200768,1187840,900096,148480,6786
/dev/shm/with_compression/parquet-3/lineitem.parquet,8,1,1,9,5044623,334400,7200768,1187840,900096,148480,6804
/dev/shm/with_compression/parquet-3/lineitem.parquet,9,1,1,9,5044012,334400,7200768,1187840,900096,148480,6802
/dev/shm/with_compression/parquet-3/lineitem.parquet,10,1,1,9,5046379,334394,7200768,1187840,900096,148480,6800
/dev/shm/with_compression/parquet-3/lineitem.parquet,11,1,1,9,5044037,334400,7200768,1187840,900096,148480,6798
/dev/shm/with_compression/parquet-3/lineitem.parquet,12,1,1,9,5044541,334383,7200768,1187840,900096,148480,6788
/dev/shm/with_compression/parquet-3/lineitem.parquet,13,1,1,9,5044020,334387,7200768,1187840,900096,148480,6790
/dev/shm/with_compression/parquet-3/lineitem.parquet,14,1,1,9,5044821,334385,7200768,1187840,900096,148480,6807
/dev/shm/with_compression/parquet-3/lineitem.parquet,15,1,1,9,5043269,334385,7200768,1187840,900096,148480,6803
/dev/shm/with_compression/parquet-3/lineitem.parquet,16,1,1,9,5045645,334383,7200768,1187840,900096,148480,6802
/dev/shm/with_compression/parquet-3/lineitem.parquet,17,1,1,3,753629,334385,178696,1187840,22337,148480,1262
/dev/shm/with_compression/parquet-3/lineitem.parquet,0,2,1,3,123661,1968282,0,8388608,0,1048576,1295
/dev/shm/with_compression/parquet-3/lineitem.parquet,1,2,1,3,123735,1968282,0,8388608,0,1048576,1269
/dev/shm/with_compression/parquet-3/lineitem.parquet,2,2,1,3,123714,1968282,0,8388608,0,1048576,1249
/dev/shm/with_compression/parquet-3/lineitem.parquet,3,2,1,3,123647,1968282,0,8388608,0,1048576,1272
/dev/shm/with_compression/parquet-3/lineitem.parquet,4,2,1,3,123728,1968282,0,8388608,0,1048576,1274
/dev/shm/with_compression/parquet-3/lineitem.parquet,5,2,1,3,123717,1968282,0,8388608,0,1048576,1259
/dev/shm/with_compression/parquet-3/lineitem.parquet,6,2,1,3,123659,1968282,0,8388608,0,1048576,1241
/dev/shm/with_compression/parquet-3/lineitem.parquet,7,2,1,3,123668,1968282,0,8388608,0,1048576,1242
/dev/shm/with_compression/parquet-3/lineitem.parquet,8,2,1,3,123732,1968282,0,8388608,0,1048576,1242
/dev/shm/with_compression/parquet-3/lineitem.parquet,9,2,1,3,123713,1968282,0,8388608,0,1048576,1241
/dev/shm/with_compression/parquet-3/lineitem.parquet,10,2,1,3,123703,1968282,0,8388608,0,1048576,1240
/dev/shm/with_compression/parquet-3/lineitem.parquet,11,2,1,3,123677,1968282,0,8388608,0,1048576,1243
/dev/shm/with_compression/parquet-3/lineitem.parquet,12,2,1,3,123614,1968282,0,8388608,0,1048576,1254
/dev/shm/with_compression/parquet-3/lineitem.parquet,13,2,1,3,123691,1968282,0,8388608,0,1048576,1253
/dev/shm/with_compression/parquet-3/lineitem.parquet,14,2,1,3,123749,1968282,0,8388608,0,1048576,1256
/dev/shm/with_compression/parquet-3/lineitem.parquet,15,2,1,3,123697,1968282,0,8388608,0,1048576,1258
/dev/shm/with_compression/parquet-3/lineitem.parquet,16,2,1,3,123701,1968282,0,8388608,0,1048576,1249
/dev/shm/with_compression/parquet-3/lineitem.parquet,17,2,1,2,123250,320661,0,1366536,0,170817,430
/dev/shm/with_compression/parquet-3/lineitem.parquet,0,3,1,2,40,251059,0,8388608,0,1048576,699
/dev/shm/with_compression/parquet-3/lineitem.parquet,1,3,1,2,40,250648,0,8388608,0,1048576,699
/dev/shm/with_compression/parquet-3/lineitem.parquet,2,3,1,2,40,251353,0,8388608,0,1048576,714
/dev/shm/with_compression/parquet-3/lineitem.parquet,3,3,1,2,40,250899,0,8388608,0,1048576,699
/dev/shm/with_compression/parquet-3/lineitem.parquet,4,3,1,2,40,250897,0,8388608,0,1048576,702
/dev/shm/with_compression/parquet-3/lineitem.parquet,5,3,1,2,40,249959,0,8388608,0,1048576,703
/dev/shm/with_compression/parquet-3/lineitem.parquet,6,3,1,2,40,250567,0,8388608,0,1048576,701
/dev/shm/with_compression/parquet-3/lineitem.parquet,7,3,1,2,40,250614,0,8388608,0,1048576,701
/dev/shm/with_compression/parquet-3/lineitem.parquet,8,3,1,2,40,249253,0,8388608,0,1048576,701
/dev/shm/with_compression/parquet-3/lineitem.parquet,9,3,1,2,40,250770,0,8388608,0,1048576,698
/dev/shm/with_compression/parquet-3/lineitem.parquet,10,3,1,2,40,251359,0,8388608,0,1048576,702
/dev/shm/with_compression/parquet-3/lineitem.parquet,11,3,1,2,40,249268,0,8388608,0,1048576,700
/dev/shm/with_compression/parquet-3/lineitem.parquet,12,3,1,2,40,249669,0,8388608,0,1048576,707
/dev/shm/with_compression/parquet-3/lineitem.parquet,13,3,1,2,40,251157,0,8388608,0,1048576,705
/dev/shm/with_compression/parquet-3/lineitem.parquet,14,3,1,2,40,250667,0,8388608,0,1048576,698
/dev/shm/with_compression/parquet-3/lineitem.parquet,15,3,1,2,40,250631,0,8388608,0,1048576,701
/dev/shm/with_compression/parquet-3/lineitem.parquet,16,3,1,2,40,250441,0,8388608,0,1048576,712
/dev/shm/with_compression/parquet-3/lineitem.parquet,17,3,1,2,40,40690,0,1366536,0,170817,193
/dev/shm/with_compression/parquet-3/lineitem.parquet,0,4,1,2,212,788565,0,8388608,0,1048576,839
/dev/shm/with_compression/parquet-3/lineitem.parquet,1,4,1,2,215,788565,0,8388608,0,1048576,834
/dev/shm/with_compression/parquet-3/lineitem.parquet,2,4,1,2,211,788565,0,8388608,0,1048576,838
/dev/shm/with_compression/parquet-3/lineitem.parquet,3,4,1,2,215,788565,0,8388608,0,1048576,836
/dev/shm/with_compression/parquet-3/lineitem.parquet,4,4,1,2,214,788565,0,8388608,0,1048576,838
/dev/shm/with_compression/parquet-3/lineitem.parquet,5,4,1,2,218,788565,0,8388608,0,1048576,836
/dev/shm/with_compression/parquet-3/lineitem.parquet,6,4,1,2,214,788565,0,8388608,0,1048576,837
/dev/shm/with_compression/parquet-3/lineitem.parquet,7,4,1,2,213,788565,0,8388608,0,1048576,838
/dev/shm/with_compression/parquet-3/lineitem.parquet,8,4,1,2,211,788565,0,8388608,0,1048576,836
/dev/shm/with_compression/parquet-3/lineitem.parquet,9,4,1,2,215,788565,0,8388608,0,1048576,836
/dev/shm/with_compression/parquet-3/lineitem.parquet,10,4,1,2,214,788565,0,8388608,0,1048576,834
/dev/shm/with_compression/parquet-3/lineitem.parquet,11,4,1,2,211,788565,0,8388608,0,1048576,837
/dev/shm/with_compression/parquet-3/lineitem.parquet,12,4,1,2,208,788565,0,8388608,0,1048576,838
/dev/shm/with_compression/parquet-3/lineitem.parquet,13,4,1,2,211,788565,0,8388608,0,1048576,833
/dev/shm/with_compression/parquet-3/lineitem.parquet,14,4,1,2,212,788565,0,8388608,0,1048576,835
/dev/shm/with_compression/parquet-3/lineitem.parquet,15,4,1,2,214,788565,0,8388608,0,1048576,834
/dev/shm/with_compression/parquet-3/lineitem.parquet,16,4,1,2,215,788565,0,8388608,0,1048576,841
/dev/shm/with_compression/parquet-3/lineitem.parquet,17,4,1,2,213,128475,0,1366536,0,170817,217
/dev/shm/with_compression/parquet-3/lineitem.parquet,0,5,1,9,5974424,320560,7249920,1138688,906240,142336,6740
/dev/shm/with_compression/parquet-3/lineitem.parquet,1,5,1,9,5974598,320546,7249920,1138688,906240,142336,6755
/dev/shm/with_compression/parquet-3/lineitem.parquet,2,5,1,9,5975313,320550,7249920,1138688,906240,142336,6800
/dev/shm/with_compression/parquet-3/lineitem.parquet,3,5,1,9,5974304,320555,7249920,1138688,906240,142336,6798
/dev/shm/with_compression/parquet-3/lineitem.parquet,4,5,1,9,5973097,320549,7249920,1138688,906240,142336,6796
/dev/shm/with_compression/parquet-3/lineitem.parquet,5,5,1,9,5975124,320565,7249920,1138688,906240,142336,6857
/dev/shm/with_compression/parquet-3/lineitem.parquet,6,5,1,9,5974520,320546,7249920,1138688,906240,142336,6842
/dev/shm/with_compression/parquet-3/lineitem.parquet,7,5,1,9,5974211,320555,7249920,1138688,906240,142336,6847
/dev/shm/with_compression/parquet-3/lineitem.parquet,8,5,1,9,5974950,320560,7249920,1138688,906240,142336,6848
/dev/shm/with_compression/parquet-3/lineitem.parquet,9,5,1,9,5973689,320563,7249920,1138688,906240,142336,6856
/dev/shm/with_compression/parquet-3/lineitem.parquet,10,5,1,9,5974373,320556,7249920,1138688,906240,142336,6859
/dev/shm/with_compression/parquet-3/lineitem.parquet,11,5,1,9,5974009,320554,7249920,1138688,906240,142336,6856
/dev/shm/with_compression/parquet-3/lineitem.parquet,12,5,1,9,5974163,320555,7249920,1138688,906240,142336,6854
/dev/shm/with_compression/parquet-3/lineitem.parquet,13,5,1,9,5975261,320563,7249920,1138688,906240,142336,6854
/dev/shm/with_compression/parquet-3/lineitem.parquet,14,5,1,9,5974505,320544,7249920,1138688,906240,142336,6848
/dev/shm/with_compression/parquet-3/lineitem.parquet,15,5,1,9,5974995,320548,7249920,1138688,906240,142336,6847
/dev/shm/with_compression/parquet-3/lineitem.parquet,16,5,1,9,5975335,320547,7249920,1138688,906240,142336,6854
/dev/shm/with_compression/parquet-3/lineitem.parquet,17,5,1,3,920180,320561,227848,1138688,28481,142336,1314
/dev/shm/with_compression/parquet-3/lineitem.parquet,0,6,1,2,70,526409,0,8388608,0,1048576,843
/dev/shm/with_compression/parquet-3/lineitem.parquet,1,6,1,2,70,526409,0,8388608,0,1048576,831
/dev/shm/with_compression/parquet-3/lineitem.parquet,2,6,1,2,65,526409,0,8388608,0,1048576,793
/dev/shm/with_compression/parquet-3/lineitem.parquet,3,6,1,2,71,526409,0,8388608,0,1048576,823
/dev/shm/with_compression/parquet-3/lineitem.parquet,4,6,1,2,70,526409,0,8388608,0,1048576,820
/dev/shm/with_compression/parquet-3/lineitem.parquet,5,6,1,2,68,526409,0,8388608,0,1048576,804
/dev/shm/with_compression/parquet-3/lineitem.parquet,6,6,1,2,65,526409,0,8388608,0,1048576,796
/dev/shm/with_compression/parquet-3/lineitem.parquet,7,6,1,2,67,526409,0,8388608,0,1048576,795
/dev/shm/with_compression/parquet-3/lineitem.parquet,8,6,1,2,68,526409,0,8388608,0,1048576,801
/dev/shm/with_compression/parquet-3/lineitem.parquet,9,6,1,2,72,526409,0,8388608,0,1048576,804
/dev/shm/with_compression/parquet-3/lineitem.parquet,10,6,1,2,66,526409,0,8388608,0,1048576,809
/dev/shm/with_compression/parquet-3/lineitem.parquet,11,6,1,2,69,526409,0,8388608,0,1048576,799
/dev/shm/with_compression/parquet-3/lineitem.parquet,12,6,1,2,67,526409,0,8388608,0,1048576,800
/dev/shm/with_compression/parquet-3/lineitem.parquet,13,6,1,2,70,526409,0,8388608,0,1048576,801
/dev/shm/with_compression/parquet-3/lineitem.parquet,14,6,1,2,75,526409,0,8388608,0,1048576,799
/dev/shm/with_compression/parquet-3/lineitem.parquet,15,6,1,2,65,526409,0,8388608,0,1048576,800
/dev/shm/with_compression/parquet-3/lineitem.parquet,16,6,1,2,72,526409,0,8388608,0,1048576,799
/dev/shm/with_compression/parquet-3/lineitem.parquet,17,6,1,2,69,85769,0,1366536,0,170817,204
/dev/shm/with_compression/parquet-3/lineitem.parquet,0,7,1,2,57,526409,0,8388608,0,1048576,805
/dev/shm/with_compression/parquet-3/lineitem.parquet,1,7,1,2,58,526409,0,8388608,0,1048576,805
/dev/shm/with_compression/parquet-3/lineitem.parquet,2,7,1,2,56,526409,0,8388608,0,1048576,807
/dev/shm/with_compression/parquet-3/lineitem.parquet,3,7,1,2,54,526409,0,8388608,0,1048576,806
/dev/shm/with_compression/parquet-3/lineitem.parquet,4,7,1,2,54,526409,0,8388608,0,1048576,807
/dev/shm/with_compression/parquet-3/lineitem.parquet,5,7,1,2,54,526409,0,8388608,0,1048576,806
/dev/shm/with_compression/parquet-3/lineitem.parquet,6,7,1,2,56,526409,0,8388608,0,1048576,808
/dev/shm/with_compression/parquet-3/lineitem.parquet,7,7,1,2,60,526409,0,8388608,0,1048576,810
/dev/shm/with_compression/parquet-3/lineitem.parquet,8,7,1,2,57,526409,0,8388608,0,1048576,807
/dev/shm/with_compression/parquet-3/lineitem.parquet,9,7,1,2,54,526409,0,8388608,0,1048576,813
/dev/shm/with_compression/parquet-3/lineitem.parquet,10,7,1,2,55,526409,0,8388608,0,1048576,805
/dev/shm/with_compression/parquet-3/lineitem.parquet,11,7,1,2,56,526409,0,8388608,0,1048576,809
/dev/shm/with_compression/parquet-3/lineitem.parquet,12,7,1,2,55,526409,0,8388608,0,1048576,840
/dev/shm/with_compression/parquet-3/lineitem.parquet,13,7,1,2,57,526409,0,8388608,0,1048576,804
/dev/shm/with_compression/parquet-3/lineitem.parquet,14,7,1,2,63,526409,0,8388608,0,1048576,810
/dev/shm/with_compression/parquet-3/lineitem.parquet,15,7,1,2,60,526409,0,8388608,0,1048576,809
/dev/shm/with_compression/parquet-3/lineitem.parquet,16,7,1,2,59,526409,0,8388608,0,1048576,809
/dev/shm/with_compression/parquet-3/lineitem.parquet,17,7,1,2,54,85769,0,1366536,0,170817,194
/dev/shm/with_compression/parquet-3/lineitem.parquet,0,8,1,3,10109,1575044,0,4194304,0,1048576,893
/dev/shm/with_compression/parquet-3/lineitem.parquet,1,8,1,3,10112,1575044,0,4194304,0,1048576,896
/dev/shm/with_compression/parquet-3/lineitem.parquet,2,8,1,3,10109,1575044,0,4194304,0,1048576,894
/dev/shm/with_compression/parquet-3/lineitem.parquet,3,8,1,3,10109,1575044,0,4194304,0,1048576,890
/dev/shm/with_compression/parquet-3/lineitem.parquet,4,8,1,3,10110,1575044,0,4194304,0,1048576,890
/dev/shm/with_compression/parquet-3/lineitem.parquet,5,8,1,3,10109,1575044,0,4194304,0,1048576,889
/dev/shm/with_compression/parquet-3/lineitem.parquet,6,8,1,3,10109,1575044,0,4194304,0,1048576,886
/dev/shm/with_compression/parquet-3/lineitem.parquet,7,8,1,3,10109,1575044,0,4194304,0,1048576,886
/dev/shm/with_compression/parquet-3/lineitem.parquet,8,8,1,3,10109,1575044,0,4194304,0,1048576,886
/dev/shm/with_compression/parquet-3/lineitem.parquet,9,8,1,3,10109,1575044,0,4194304,0,1048576,891
/dev/shm/with_compression/parquet-3/lineitem.parquet,10,8,1,3,10110,1575044,0,4194304,0,1048576,889
/dev/shm/with_compression/parquet-3/lineitem.parquet,11,8,1,3,10109,1575044,0,4194304,0,1048576,892
/dev/shm/with_compression/parquet-3/lineitem.parquet,12,8,1,3,10109,1575044,0,4194304,0,1048576,888
/dev/shm/with_compression/parquet-3/lineitem.parquet,13,8,1,3,10109,1575044,0,4194304,0,1048576,892
/dev/shm/with_compression/parquet-3/lineitem.parquet,14,8,1,3,10109,1575044,0,4194304,0,1048576,898
/dev/shm/with_compression/parquet-3/lineitem.parquet,15,8,1,3,10105,1575044,0,4194304,0,1048576,897
/dev/shm/with_compression/parquet-3/lineitem.parquet,16,8,1,3,10111,1575044,0,4194304,0,1048576,890
/dev/shm/with_compression/parquet-3/lineitem.parquet,17,8,1,2,10105,256599,0,683268,0,170817,215
/dev/shm/with_compression/parquet-3/lineitem.parquet,0,9,1,3,9875,1575044,0,4194304,0,1048576,896
/dev/shm/with_compression/parquet-3/lineitem.parquet,1,9,1,3,9869,1575044,0,4194304,0,1048576,910
/dev/shm/with_compression/parquet-3/lineitem.parquet,2,9,1,3,9869,1575044,0,4194304,0,1048576,894
/dev/shm/with_compression/parquet-3/lineitem.parquet,3,9,1,3,9869,1575044,0,4194304,0,1048576,906
/dev/shm/with_compression/parquet-3/lineitem.parquet,4,9,1,3,9869,1575044,0,4194304,0,1048576,887
/dev/shm/with_compression/parquet-3/lineitem.parquet,5,9,1,3,9873,1575044,0,4194304,0,1048576,882
/dev/shm/with_compression/parquet-3/lineitem.parquet,6,9,1,3,9869,1575044,0,4194304,0,1048576,884
/dev/shm/with_compression/parquet-3/lineitem.parquet,7,9,1,3,9869,1575044,0,4194304,0,1048576,887
/dev/shm/with_compression/parquet-3/lineitem.parquet,8,9,1,3,9869,1575044,0,4194304,0,1048576,887
/dev/shm/with_compression/parquet-3/lineitem.parquet,9,9,1,3,9869,1575044,0,4194304,0,1048576,885
/dev/shm/with_compression/parquet-3/lineitem.parquet,10,9,1,3,9869,1575044,0,4194304,0,1048576,887
/dev/shm/with_compression/parquet-3/lineitem.parquet,11,9,1,3,9869,1575044,0,4194304,0,1048576,880
/dev/shm/with_compression/parquet-3/lineitem.parquet,12,9,1,3,9870,1575044,0,4194304,0,1048576,882
/dev/shm/with_compression/parquet-3/lineitem.parquet,13,9,1,3,9869,1575044,0,4194304,0,1048576,886
/dev/shm/with_compression/parquet-3/lineitem.parquet,14,9,1,3,9869,1575044,0,4194304,0,1048576,886
/dev/shm/with_compression/parquet-3/lineitem.parquet,15,9,1,3,9869,1575044,0,4194304,0,1048576,885
/dev/shm/with_compression/parquet-3/lineitem.parquet,16,9,1,3,9869,1575044,0,4194304,0,1048576,883
/dev/shm/with_compression/parquet-3/lineitem.parquet,17,9,1,2,9864,256599,0,683268,0,170817,203
/dev/shm/with_compression/parquet-3/lineitem.parquet,0,10,1,3,10201,1575044,0,4194304,0,1048576,881
/dev/shm/with_compression/parquet-3/lineitem.parquet,1,10,1,3,10209,1575044,0,4194304,0,1048576,883
/dev/shm/with_compression/parquet-3/lineitem.parquet,2,10,1,3,10205,1575044,0,4194304,0,1048576,881
/dev/shm/with_compression/parquet-3/lineitem.parquet,3,10,1,3,10205,1575044,0,4194304,0,1048576,887
/dev/shm/with_compression/parquet-3/lineitem.parquet,4,10,1,3,10197,1575044,0,4194304,0,1048576,883
/dev/shm/with_compression/parquet-3/lineitem.parquet,5,10,1,3,10211,1575044,0,4194304,0,1048576,883
/dev/shm/with_compression/parquet-3/lineitem.parquet,6,10,1,3,10197,1575044,0,4194304,0,1048576,874
/dev/shm/with_compression/parquet-3/lineitem.parquet,7,10,1,3,10201,1575044,0,4194304,0,1048576,882
/dev/shm/with_compression/parquet-3/lineitem.parquet,8,10,1,3,10205,1575044,0,4194304,0,1048576,880
/dev/shm/with_compression/parquet-3/lineitem.parquet,9,10,1,3,10201,1575044,0,4194304,0,1048576,879
/dev/shm/with_compression/parquet-3/lineitem.parquet,10,10,1,3,10201,1575044,0,4194304,0,1048576,881
/dev/shm/with_compression/parquet-3/lineitem.parquet,11,10,1,3,10201,1575044,0,4194304,0,1048576,884
/dev/shm/with_compression/parquet-3/lineitem.parquet,12,10,1,3,10199,1575044,0,4194304,0,1048576,880
/dev/shm/with_compression/parquet-3/lineitem.parquet,13,10,1,3,10197,1575044,0,4194304,0,1048576,884
/dev/shm/with_compression/parquet-3/lineitem.parquet,14,10,1,3,10205,1575044,0,4194304,0,1048576,880
/dev/shm/with_compression/parquet-3/lineitem.parquet,15,10,1,3,10205,1575044,0,4194304,0,1048576,878
/dev/shm/with_compression/parquet-3/lineitem.parquet,16,10,1,3,10205,1575044,0,4194304,0,1048576,894
/dev/shm/with_compression/parquet-3/lineitem.parquet,17,10,1,2,10164,256599,0,683268,0,170817,220
/dev/shm/with_compression/parquet-3/nation.parquet,0,0,1,2,103,30,0,100,0,25,125
/dev/shm/with_compression/parquet-3/nation.parquet,0,1,1,2,22,22,0,100,0,25,68
/dev/shm/with_compression/parquet-3/part.parquet,0,0,1,6,2401321,278816,3751424,1048576,468928,131072,3731
/dev/shm/with_compression/parquet-3/part.parquet,0,1,1,2,204,451224,0,2400000,0,600000,335
/dev/shm/with_compression/parquet-3/part.parquet,0,2,1,3,96339,1126273,0,4800000,0,600000,784
/dev/shm/with_compression/parquet-3/partsupp.parquet,0,0,1,7,1444373,1112750,4194304,4194304,524288,524288,4153
/dev/shm/with_compression/parquet-3/partsupp.parquet,1,0,1,7,1444350,1112750,4194304,4194304,524288,524288,4112
/dev/shm/with_compression/parquet-3/partsupp.parquet,2,0,1,2,303027,641714,0,2422784,0,302848,887
/dev/shm/with_compression/parquet-3/partsupp.parquet,0,1,1,3,120146,1968282,0,8388608,0,1048576,1251
/dev/shm/with_compression/parquet-3/partsupp.parquet,1,1,1,3,120182,1968282,0,8388608,0,1048576,1246
/dev/shm/with_compression/parquet-3/partsupp.parquet,2,1,1,2,120216,568480,0,2422784,0,302848,550
/dev/shm/with_compression/parquet-3/partsupp.parquet,0,2,1,3,40083,1837201,0,8388608,0,1048576,1085
/dev/shm/with_compression/parquet-3/partsupp.parquet,1,2,1,3,40078,1837201,0,8388608,0,1048576,1086
/dev/shm/with_compression/parquet-3/partsupp.parquet,2,2,1,2,40081,530624,0,2422784,0,302848,420
/dev/shm/with_compression/parquet-3/partsupp.parquet,0,3,1,4,481777,2230450,0,8388608,0,1048576,1852
/dev/shm/with_compression/parquet-3/partsupp.parquet,1,3,1,4,481746,2230450,0,8388608,0,1048576,1850
/dev/shm/with_compression/parquet-3/partsupp.parquet,2,3,1,2,458767,644195,0,2422784,0,302848,1020
/dev/shm/with_compression/parquet-3/region.parquet,0,0,1,2,22,13,0,20,0,5,124
/dev/shm/with_compression/parquet-3/supplier.parquet,0,0,1,2,120081,56325,0,240000,0,30000,341
/dev/shm/with_compression/parquet-3/supplier.parquet,0,1,1,2,103,18825,0,120000,0,30000,92
/dev/shm/with_compression/parquet-3/supplier.parquet,0,2,1,2,165515,56325,0,240000,0,30000,298
/dev/shm/with_compression/parquet-10/customer.parquet,0,0,1,9,4196606,278816,7340032,1048576,917504,131072,6299
/dev/shm/with_compression/parquet-10/customer.parquet,1,0,1,5,1806687,278816,2562816,1048576,320352,131072,2873
/dev/shm/with_compression/parquet-10/customer.parquet,0,1,1,2,101,657487,0,4194304,0,1048576,452
/dev/shm/with_compression/parquet-10/customer.parquet,1,1,1,2,100,283063,0,1805696,0,451424,236
/dev/shm/with_compression/parquet-10/customer.parquet,0,2,1,9,5822048,315936,7266304,1122304,908288,140288,6856
/dev/shm/with_compression/parquet-10/customer.parquet,1,2,1,5,2479303,315953,2489088,1122304,311136,140288,3121
/dev/shm/with_compression/parquet-10/lineitem.parquet,0,0,1,7,1338447,1109539,4186112,4202496,523264,525312,4084
/dev/shm/with_compression/parquet-10/lineitem.parquet,1,0,1,7,1339608,1117606,4194304,4194304,524288,524288,4011
/dev/shm/with_compression/parquet-10/lineitem.parquet,2,0,1,7,1340708,1112196,4194304,4194304,524288,524288,4019
/dev/shm/with_compression/parquet-10/lineitem.parquet,3,0,1,7,1337838,1122069,4177920,4210688,522240,526336,4015
/dev/shm/with_compression/parquet-10/lineitem.parquet,4,0,1,7,1338494,1114016,4186112,4202496,523264,525312,4006
/dev/shm/with_compression/parquet-10/lineitem.parquet,5,0,1,7,1339324,1113800,4194304,4194304,524288,524288,4002
/dev/shm/with_compression/parquet-10/lineitem.parquet,6,0,1,8,1342929,1114285,4202496,4186112,525312,523264,4019
/dev/shm/with_compression/parquet-10/lineitem.parquet,7,0,1,7,1337936,1119694,4186112,4202496,523264,525312,4047
/dev/shm/with_compression/parquet-10/lineitem.parquet,8,0,1,7,1338970,1118206,4186112,4202496,523264,525312,4038
/dev/shm/with_compression/parquet-10/lineitem.parquet,9,0,1,7,1341544,1116870,4194304,4194304,524288,524288,4040
/dev/shm/with_compression/parquet-10/lineitem.parquet,10,0,1,8,1340888,1115127,4202496,4186112,525312,523264,4016
/dev/shm/with_compression/parquet-10/lineitem.parquet,11,0,1,7,1341725,1116839,4194304,4194304,524288,524288,4017
/dev/shm/with_compression/parquet-10/lineitem.parquet,12,0,1,7,1339484,1118725,4186112,4202496,523264,525312,3992
/dev/shm/with_compression/parquet-10/lineitem.parquet,13,0,1,7,1338314,1119650,4186112,4202496,523264,525312,3996
/dev/shm/with_compression/parquet-10/lineitem.parquet,14,0,1,7,1340093,1115094,4194304,4194304,524288,524288,4005
/dev/shm/with_compression/parquet-10/lineitem.parquet,15,0,1,7,1338791,1116073,4186112,4202496,523264,525312,4014
/dev/shm/with_compression/parquet-10/lineitem.parquet,16,0,1,7,1339659,1113548,4186112,4202496,523264,525312,4010
/dev/shm/with_compression/parquet-10/lineitem.parquet,17,0,1,7,1339126,1118777,4186112,4202496,523264,525312,4044
/dev/shm/with_compression/parquet-10/lineitem.parquet,18,0,1,7,1341476,1117067,4194304,4194304,524288,524288,4055
/dev/shm/with_compression/parquet-10/lineitem.parquet,19,0,1,7,1338457,1114841,4186112,4202496,523264,525312,4062
/dev/shm/with_compression/parquet-10/lineitem.parquet,20,0,1,7,1340503,1113560,4194304,4194304,524288,524288,4035
/dev/shm/with_compression/parquet-10/lineitem.parquet,21,0,1,7,1339007,1117350,4186112,4202496,523264,525312,4015
/dev/shm/with_compression/parquet-10/lineitem.parquet,22,0,1,7,1337983,1118496,4186112,4202496,523264,525312,3998
/dev/shm/with_compression/parquet-10/lineitem.parquet,23,0,1,7,1338338,1115304,4194304,4194304,524288,524288,4021
/dev/shm/with_compression/parquet-10/lineitem.parquet,24,0,1,8,1342197,1111813,4202496,4186112,525312,523264,4042
/dev/shm/with_compression/parquet-10/lineitem.parquet,25,0,1,7,1336246,1121324,4177920,4210688,522240,526336,4031
/dev/shm/with_compression/parquet-10/lineitem.parquet,26,0,1,7,1338572,1118763,4186112,4202496,523264,525312,4013
/dev/shm/with_compression/parquet-10/lineitem.parquet,27,0,1,7,1339705,1117799,4194304,4194304,524288,524288,4027
/dev/shm/with_compression/parquet-10/lineitem.parquet,28,0,1,7,1339503,1114416,4186112,4202496,523264,525312,4040
/dev/shm/with_compression/parquet-10/lineitem.parquet,29,0,1,8,1341166,1115076,4202496,4186112,525312,523264,4044
/dev/shm/with_compression/parquet-10/lineitem.parquet,30,0,1,7,1337339,1117836,4186112,4202496,523264,525312,4033
/dev/shm/with_compression/parquet-10/lineitem.parquet,31,0,1,7,1341311,1118122,4194304,4194304,524288,524288,4045
/dev/shm/with_compression/parquet-10/lineitem.parquet,32,0,1,7,1339865,1112186,4194304,4194304,524288,524288,4041
/dev/shm/with_compression/parquet-10/lineitem.parquet,33,0,1,7,1338506,1114821,4186112,4202496,523264,525312,4042
/dev/shm/with_compression/parquet-10/lineitem.parquet,34,0,1,7,1340388,1118026,4186112,4202496,523264,525312,4034
/dev/shm/with_compression/parquet-10/lineitem.parquet,35,0,1,7,1339791,1117685,4194304,4194304,524288,524288,4033
/dev/shm/with_compression/parquet-10/lineitem.parquet,36,0,1,7,1341670,1117224,4194304,4194304,524288,524288,4051
/dev/shm/with_compression/parquet-10/lineitem.parquet,37,0,1,7,1339330,1117849,4186112,4202496,523264,525312,4046
/dev/shm/with_compression/parquet-10/lineitem.parquet,38,0,1,7,1340759,1114277,4194304,4194304,524288,524288,4047
/dev/shm/with_compression/parquet-10/lineitem.parquet,39,0,1,7,1340048,1117816,4194304,4194304,524288,524288,4069
/dev/shm/with_compression/parquet-10/lineitem.parquet,40,0,1,7,1341417,1117009,4194304,4194304,524288,524288,4061
/dev/shm/with_compression/parquet-10/lineitem.parquet,41,0,1,8,1342004,1112911,4202496,4186112,525312,523264,4070
/dev/shm/with_compression/parquet-10/lineitem.parquet,42,0,1,7,1340898,1118940,4186112,4202496,523264,525312,4069
/dev/shm/with_compression/parquet-10/lineitem.parquet,43,0,1,8,1343670,1113157,4210688,4177920,526336,522240,4086
/dev/shm/with_compression/parquet-10/lineitem.parquet,44,0,1,7,1340567,1119785,4186112,4202496,523264,525312,4076
/dev/shm/with_compression/parquet-10/lineitem.parquet,45,0,1,7,1338866,1116364,4186112,4202496,523264,525312,4085
/dev/shm/with_compression/parquet-10/lineitem.parquet,46,0,1,7,1338615,1117296,4194304,4194304,524288,524288,4095
/dev/shm/with_compression/parquet-10/lineitem.parquet,47,0,1,7,1340435,1117104,4194304,4194304,524288,524288,4088
/dev/shm/with_compression/parquet-10/lineitem.parquet,48,0,1,7,1338675,1119198,4186112,4202496,523264,525312,4083
/dev/shm/with_compression/parquet-10/lineitem.parquet,49,0,1,7,1340147,1117000,4194304,4194304,524288,524288,4095
/dev/shm/with_compression/parquet-10/lineitem.parquet,50,0,1,8,1342742,1112185,4202496,4186112,525312,523264,4098
/dev/shm/with_compression/parquet-10/lineitem.parquet,51,0,1,7,1339656,1119217,4186112,4202496,523264,525312,4086
/dev/shm/with_compression/parquet-10/lineitem.parquet,52,0,1,7,1341391,1117238,4194304,4194304,524288,524288,4092
/dev/shm/with_compression/parquet-10/lineitem.parquet,53,0,1,7,1340409,1115202,4186112,4202496,523264,525312,4078
/dev/shm/with_compression/parquet-10/lineitem.parquet,54,0,1,7,1339645,1116271,4194304,4194304,524288,524288,4093
/dev/shm/with_compression/parquet-10/lineitem.parquet,55,0,1,7,1338740,1119842,4186112,4202496,523264,525312,4083
/dev/shm/with_compression/parquet-10/lineitem.parquet,56,0,1,7,1338616,1117048,4194304,4194304,524288,524288,4098
/dev/shm/with_compression/parquet-10/lineitem.parquet,57,0,1,2,215407,209810,0,1737760,0,217220,958
/dev/shm/with_compression/parquet-10/lineitem.parquet,0,1,1,9,5194064,306718,7299072,1089536,912384,136192,6729
/dev/shm/with_compression/parquet-10/lineitem.parquet,1,1,1,9,5194296,306710,7299072,1089536,912384,136192,6733
/dev/shm/with_compression/parquet-10/lineitem.parquet,2,1,1,9,5194421,306724,7299072,1089536,912384,136192,6734
/dev/shm/with_compression/parquet-10/lineitem.parquet,3,1,1,9,5193607,306714,7299072,1089536,912384,136192,6734
/dev/shm/with_compression/parquet-10/lineitem.parquet,4,1,1,9,5194846,306710,7299072,1089536,912384,136192,6731
/dev/shm/with_compression/parquet-10/lineitem.parquet,5,1,1,9,5194313,306714,7299072,1089536,912384,136192,6732
/dev/shm/with_compression/parquet-10/lineitem.parquet,6,1,1,9,5194793,306713,7299072,1089536,912384,136192,6735
/dev/shm/with_compression/parquet-10/lineitem.parquet,7,1,1,9,5193502,306708,7299072,1089536,912384,136192,6712
/dev/shm/with_compression/parquet-10/lineitem.parquet,8,1,1,9,5194159,306721,7299072,1089536,912384,136192,6726
/dev/shm/with_compression/parquet-10/lineitem.parquet,9,1,1,9,5193830,306708,7299072,1089536,912384,136192,6726
/dev/shm/with_compression/parquet-10/lineitem.parquet,10,1,1,9,5194788,306719,7299072,1089536,912384,136192,6714
/dev/shm/with_compression/parquet-10/lineitem.parquet,11,1,1,9,5194164,306718,7299072,1089536,912384,136192,6715
/dev/shm/with_compression/parquet-10/lineitem.parquet,12,1,1,9,5194194,306718,7299072,1089536,912384,136192,6721
/dev/shm/with_compression/parquet-10/lineitem.parquet,13,1,1,9,5194077,306718,7299072,1089536,912384,136192,6727
/dev/shm/with_compression/parquet-10/lineitem.parquet,14,1,1,9,5194178,306718,7299072,1089536,912384,136192,6704
/dev/shm/with_compression/parquet-10/lineitem.parquet,15,1,1,9,5193441,306718,7299072,1089536,912384,136192,6683
/dev/shm/with_compression/parquet-10/lineitem.parquet,16,1,1,9,5193677,306708,7299072,1089536,912384,136192,6690
/dev/shm/with_compression/parquet-10/lineitem.parquet,17,1,1,9,5193934,306710,7299072,1089536,912384,136192,6688
/dev/shm/with_compression/parquet-10/lineitem.parquet,18,1,1,9,5194558,306718,7299072,1089536,912384,136192,6686
/dev/shm/with_compression/parquet-10/lineitem.parquet,19,1,1,9,5194490,306718,7299072,1089536,912384,136192,6688
/dev/shm/with_compression/parquet-10/lineitem.parquet,20,1,1,9,5194246,306718,7299072,1089536,912384,136192,6691
/dev/shm/with_compression/parquet-10/lineitem.parquet,21,1,1,9,5193989,306719,7299072,1089536,912384,136192,6684
/dev/shm/with_compression/parquet-10/lineitem.parquet,22,1,1,9,5194428,306709,7299072,1089536,912384,136192,6694
/dev/shm/with_compression/parquet-10/lineitem.parquet,23,1,1,9,5194463,306708,7299072,1089536,912384,136192,6691
/dev/shm/with_compression/parquet-10/lineitem.parquet,24,1,1,9,5193982,306718,7299072,1089536,912384,136192,6687
/dev/shm/with_compression/parquet-10/lineitem.parquet,25,1,1,9,5193973,306708,7299072,1089536,912384,136192,6678
/dev/shm/with_compression/parquet-10/lineitem.parquet,26,1,1,9,5194366,306715,7299072,1089536,912384,136192,6688
/dev/shm/with_compression/parquet-10/lineitem.parquet,27,1,1,9,5194231,306718,7299072,1089536,912384,136192,6679
/dev/shm/with_compression/parquet-10/lineitem.parquet,28,1,1,9,5193981,306718,7299072,1089536,912384,136192,6684
/dev/shm/with_compression/parquet-10/lineitem.parquet,29,1,1,9,5193402,306714,7299072,1089536,912384,136192,6700
/dev/shm/with_compression/parquet-10/lineitem.parquet,30,1,1,9,5194081,306710,7299072,1089536,912384,136192,6689
/dev/shm/with_compression/parquet-10/lineitem.parquet,31,1,1,9,5194827,306718,7299072,1089536,912384,136192,6683
/dev/shm/with_compression/parquet-10/lineitem.parquet,32,1,1,9,5194287,306713,7299072,1089536,912384,136192,6690
/dev/shm/with_compression/parquet-10/lineitem.parquet,33,1,1,9,5193626,306718,7299072,1089536,912384,136192,6682
/dev/shm/with_compression/parquet-10/lineitem.parquet,34,1,1,9,5194281,306718,7299072,1089536,912384,136192,6694
/dev/shm/with_compression/parquet-10/lineitem.parquet,35,1,1,9,5193912,306739,7299072,1089536,912384,136192,6697
/dev/shm/with_compression/parquet-10/lineitem.parquet,36,1,1,9,5194241,306718,7299072,1089536,912384,136192,6699
/dev/shm/with_compression/parquet-10/lineitem.parquet,37,1,1,9,5194108,306716,7299072,1089536,912384,136192,6686
/dev/shm/with_compression/parquet-10/lineitem.parquet,38,1,1,9,5193818,306718,7299072,1089536,912384,136192,6687
/dev/shm/with_compression/parquet-10/lineitem.parquet,39,1,1,9,5194748,306718,7299072,1089536,912384,136192,6681
/dev/shm/with_compression/parquet-10/lineitem.parquet,40,1,1,9,5194183,306719,7299072,1089536,912384,136192,6676
/dev/shm/with_compression/parquet-10/lineitem.parquet,41,1,1,9,5194167,306710,7299072,1089536,912384,136192,6682
/dev/shm/with_compression/parquet-10/lineitem.parquet,42,1,1,9,5194451,306710,7299072,1089536,912384,136192,6679
/dev/shm/with_compression/parquet-10/lineitem.parquet,43,1,1,9,5194295,306708,7299072,1089536,912384,136192,6690
/dev/shm/with_compression/parquet-10/lineitem.parquet,44,1,1,9,5193411,306717,7299072,1089536,912384,136192,6691
/dev/shm/with_compression/parquet-10/lineitem.parquet,45,1,1,9,5194393,306716,7299072,1089536,912384,136192,6689
/dev/shm/with_compression/parquet-10/lineitem.parquet,46,1,1,9,5193526,306718,7299072,1089536,912384,136192,6681
/dev/shm/with_compression/parquet-10/lineitem.parquet,47,1,1,9,5194283,306710,7299072,1089536,912384,136192,6674
/dev/shm/with_compression/parquet-10/lineitem.parquet,48,1,1,9,5194415,306709,7299072,1089536,912384,136192,6668
/dev/shm/with_compression/parquet-10/lineitem.parquet,49,1,1,9,5194548,306718,7299072,1089536,912384,136192,6685
/dev/shm/with_compression/parquet-10/lineitem.parquet,50,1,1,9,5194632,306718,7299072,1089536,912384,136192,6695
/dev/shm/with_compression/parquet-10/lineitem.parquet,51,1,1,9,5194871,306718,7299072,1089536,912384,136192,6676
/dev/shm/with_compression/parquet-10/lineitem.parquet,52,1,1,9,5194307,306728,7299072,1089536,912384,136192,6677
/dev/shm/with_compression/parquet-10/lineitem.parquet,53,1,1,9,5194098,306719,7299072,1089536,912384,136192,6680
/dev/shm/with_compression/parquet-10/lineitem.parquet,54,1,1,9,5194319,306718,7299072,1089536,912384,136192,6696
/dev/shm/with_compression/parquet-10/lineitem.parquet,55,1,1,9,5193758,306729,7299072,1089536,912384,136192,6680
/dev/shm/with_compression/parquet-10/lineitem.parquet,56,1,1,9,5194433,306718,7299072,1089536,912384,136192,6692
/dev/shm/with_compression/parquet-10/lineitem.parquet,57,1,1,3,1059103,306709,648224,1089536,81028,136192,1593
/dev/shm/with_compression/parquet-10/lineitem.parquet,0,2,1,4,452398,2230450,0,8388608,0,1048576,1817
/dev/shm/with_compression/parquet-10/lineitem.parquet,1,2,1,4,452581,2230450,0,8388608,0,1048576,1832
/dev/shm/with_compression/parquet-10/lineitem.parquet,2,2,1,4,452647,2230450,0,8388608,0,1048576,1817
/dev/shm/with_compression/parquet-10/lineitem.parquet,3,2,1,4,452371,2230450,0,8388608,0,1048576,1801
/dev/shm/with_compression/parquet-10/lineitem.parquet,4,2,1,4,452512,2230450,0,8388608,0,1048576,1816
/dev/shm/with_compression/parquet-10/lineitem.parquet,5,2,1,4,452556,2230450,0,8388608,0,1048576,1813
/dev/shm/with_compression/parquet-10/lineitem.parquet,6,2,1,4,452530,2230450,0,8388608,0,1048576,1809
/dev/shm/with_compression/parquet-10/lineitem.parquet,7,2,1,4,452365,2230450,0,8388608,0,1048576,1808
/dev/shm/with_compression/parquet-10/lineitem.parquet,8,2,1,4,452438,2230450,0,8388608,0,1048576,1805
/dev/shm/with_compression/parquet-10/lineitem.parquet,9,2,1,4,452588,2230450,0,8388608,0,1048576,1815
/dev/shm/with_compression/parquet-10/lineitem.parquet,10,2,1,4,452292,2230450,0,8388608,0,1048576,1799
/dev/shm/with_compression/parquet-10/lineitem.parquet,11,2,1,4,452450,2230450,0,8388608,0,1048576,1802
/dev/shm/with_compression/parquet-10/lineitem.parquet,12,2,1,4,452641,2230450,0,8388608,0,1048576,1815
/dev/shm/with_compression/parquet-10/lineitem.parquet,13,2,1,4,452575,2230450,0,8388608,0,1048576,1811
/dev/shm/with_compression/parquet-10/lineitem.parquet,14,2,1,4,452615,2230450,0,8388608,0,1048576,1808
/dev/shm/with_compression/parquet-10/lineitem.parquet,15,2,1,4,452557,2230450,0,8388608,0,1048576,1800
/dev/shm/with_compression/parquet-10/lineitem.parquet,16,2,1,4,452491,2230450,0,8388608,0,1048576,1812
/dev/shm/with_compression/parquet-10/lineitem.parquet,17,2,1,4,452525,2230450,0,8388608,0,1048576,1801
/dev/shm/with_compression/parquet-10/lineitem.parquet,18,2,1,4,452520,2230450,0,8388608,0,1048576,1817
/dev/shm/with_compression/parquet-10/lineitem.parquet,19,2,1,4,452465,2230450,0,8388608,0,1048576,1802
/dev/shm/with_compression/parquet-10/lineitem.parquet,20,2,1,4,452556,2230450,0,8388608,0,1048576,1805
/dev/shm/with_compression/parquet-10/lineitem.parquet,21,2,1,4,452576,2230450,0,8388608,0,1048576,1808
/dev/shm/with_compression/parquet-10/lineitem.parquet,22,2,1,4,452384,2230450,0,8388608,0,1048576,1812
/dev/shm/with_compression/parquet-10/lineitem.parquet,23,2,1,4,452598,2230450,0,8388608,0,1048576,1810
/dev/shm/with_compression/parquet-10/lineitem.parquet,24,2,1,4,452349,2230450,0,8388608,0,1048576,1809
/dev/shm/with_compression/parquet-10/lineitem.parquet,25,2,1,4,452102,2230450,0,8388608,0,1048576,1807
/dev/shm/with_compression/parquet-10/lineitem.parquet,26,2,1,4,452457,2230450,0,8388608,0,1048576,1811
/dev/shm/with_compression/parquet-10/lineitem.parquet,27,2,1,4,452331,2230450,0,8388608,0,1048576,1812
/dev/shm/with_compression/parquet-10/lineitem.parquet,28,2,1,4,452492,2230450,0,8388608,0,1048576,1806
/dev/shm/with_compression/parquet-10/lineitem.parquet,29,2,1,4,452515,2230450,0,8388608,0,1048576,1800
/dev/shm/with_compression/parquet-10/lineitem.parquet,30,2,1,4,452621,2230450,0,8388608,0,1048576,1799
/dev/shm/with_compression/parquet-10/lineitem.parquet,31,2,1,4,452368,2230450,0,8388608,0,1048576,1807
/dev/shm/with_compression/parquet-10/lineitem.parquet,32,2,1,4,452503,2230450,0,8388608,0,1048576,1808
/dev/shm/with_compression/parquet-10/lineitem.parquet,33,2,1,4,452598,2230450,0,8388608,0,1048576,1807
/dev/shm/with_compression/parquet-10/lineitem.parquet,34,2,1,4,452380,2230450,0,8388608,0,1048576,1810
/dev/shm/with_compression/parquet-10/lineitem.parquet,35,2,1,4,452537,2230450,0,8388608,0,1048576,1796
/dev/shm/with_compression/parquet-10/lineitem.parquet,36,2,1,4,452350,2230450,0,8388608,0,1048576,1807
/dev/shm/with_compression/parquet-10/lineitem.parquet,37,2,1,4,452608,2230450,0,8388608,0,1048576,1800
/dev/shm/with_compression/parquet-10/lineitem.parquet,38,2,1,4,452499,2230450,0,8388608,0,1048576,1812
/dev/shm/with_compression/parquet-10/lineitem.parquet,39,2,1,4,452482,2230450,0,8388608,0,1048576,1812
/dev/shm/with_compression/parquet-10/lineitem.parquet,40,2,1,4,452588,2230450,0,8388608,0,1048576,1807
/dev/shm/with_compression/parquet-10/lineitem.parquet,41,2,1,4,452404,2230450,0,8388608,0,1048576,1810
/dev/shm/with_compression/parquet-10/lineitem.parquet,42,2,1,4,452264,2230450,0,8388608,0,1048576,1811
/dev/shm/with_compression/parquet-10/lineitem.parquet,43,2,1,4,452347,2230450,0,8388608,0,1048576,1811
/dev/shm/with_compression/parquet-10/lineitem.parquet,44,2,1,4,452473,2230450,0,8388608,0,1048576,1809
/dev/shm/with_compression/parquet-10/lineitem.parquet,45,2,1,4,452512,2230450,0,8388608,0,1048576,1802
/dev/shm/with_compression/parquet-10/lineitem.parquet,46,2,1,4,452395,2230450,0,8388608,0,1048576,1793
/dev/shm/with_compression/parquet-10/lineitem.parquet,47,2,1,4,452512,2230450,0,8388608,0,1048576,1794
/dev/shm/with_compression/parquet-10/lineitem.parquet,48,2,1,4,452456,2230450,0,8388608,0,1048576,1801
/dev/shm/with_compression/parquet-10/lineitem.parquet,49,2,1,4,452510,2230450,0,8388608,0,1048576,1808
/dev/shm/with_compression/parquet-10/lineitem.parquet,50,2,1,4,452313,2230450,0,8388608,0,1048576,1805
/dev/shm/with_compression/parquet-10/lineitem.parquet,51,2,1,4,452238,2230450,0,8388608,0,1048576,1802
/dev/shm/with_compression/parquet-10/lineitem.parquet,52,2,1,4,452261,2230450,0,8388608,0,1048576,1801
/dev/shm/with_compression/parquet-10/lineitem.parquet,53,2,1,4,452286,2230450,0,8388608,0,1048576,1802
/dev/shm/with_compression/parquet-10/lineitem.parquet,54,2,1,4,452463,2230450,0,8388608,0,1048576,1810
/dev/shm/with_compression/parquet-10/lineitem.parquet,55,2,1,4,452411,2230450,0,8388608,0,1048576,1811
/dev/shm/with_compression/parquet-10/lineitem.parquet,56,2,1,4,452605,2230450,0,8388608,0,1048576,1810
/dev/shm/with_compression/parquet-10/lineitem.parquet,57,2,1,2,401252,462068,0,1737760,0,217220,842
/dev/shm/with_compression/parquet-10/lineitem.parquet,0,3,1,2,40,251059,0,8388608,0,1048576,683
/dev/shm/with_compression/parquet-10/lineitem.parquet,1,3,1,2,40,250648,0,8388608,0,1048576,688
/dev/shm/with_compression/parquet-10/lineitem.parquet,2,3,1,2,40,251353,0,8388608,0,1048576,702
/dev/shm/with_compression/parquet-10/lineitem.parquet,3,3,1,2,40,250899,0,8388608,0,1048576,692
/dev/shm/with_compression/parquet-10/lineitem.parquet,4,3,1,2,40,250897,0,8388608,0,1048576,701
/dev/shm/with_compression/parquet-10/lineitem.parquet,5,3,1,2,40,249959,0,8388608,0,1048576,706
/dev/shm/with_compression/parquet-10/lineitem.parquet,6,3,1,2,40,250567,0,8388608,0,1048576,706
/dev/shm/with_compression/parquet-10/lineitem.parquet,7,3,1,2,40,250614,0,8388608,0,1048576,702
/dev/shm/with_compression/parquet-10/lineitem.parquet,8,3,1,2,40,249253,0,8388608,0,1048576,704
/dev/shm/with_compression/parquet-10/lineitem.parquet,9,3,1,2,40,250770,0,8388608,0,1048576,694
/dev/shm/with_compression/parquet-10/lineitem.parquet,10,3,1,2,40,251359,0,8388608,0,1048576,690
/dev/shm/with_compression/parquet-10/lineitem.parquet,11,3,1,2,40,249268,0,8388608,0,1048576,698
/dev/shm/with_compression/parquet-10/lineitem.parquet,12,3,1,2,40,249669,0,8388608,0,1048576,695
/dev/shm/with_compression/parquet-10/lineitem.parquet,13,3,1,2,40,251157,0,8388608,0,1048576,693
/dev/shm/with_compression/parquet-10/lineitem.parquet,14,3,1,2,40,250667,0,8388608,0,1048576,693
/dev/shm/with_compression/parquet-10/lineitem.parquet,15,3,1,2,40,250631,0,8388608,0,1048576,694
/dev/shm/with_compression/parquet-10/lineitem.parquet,16,3,1,2,40,250441,0,8388608,0,1048576,691
/dev/shm/with_compression/parquet-10/lineitem.parquet,17,3,1,2,40,250938,0,8388608,0,1048576,724
/dev/shm/with_compression/parquet-10/lineitem.parquet,18,3,1,2,40,251361,0,8388608,0,1048576,702
/dev/shm/with_compression/parquet-10/lineitem.parquet,19,3,1,2,40,249062,0,8388608,0,1048576,703
/dev/shm/with_compression/parquet-10/lineitem.parquet,20,3,1,2,40,250477,0,8388608,0,1048576,702
/dev/shm/with_compression/parquet-10/lineitem.parquet,21,3,1,2,40,250856,0,8388608,0,1048576,703
/dev/shm/with_compression/parquet-10/lineitem.parquet,22,3,1,2,40,250824,0,8388608,0,1048576,703
/dev/shm/with_compression/parquet-10/lineitem.parquet,23,3,1,2,40,250211,0,8388608,0,1048576,704
/dev/shm/with_compression/parquet-10/lineitem.parquet,24,3,1,2,40,249578,0,8388608,0,1048576,702
/dev/shm/with_compression/parquet-10/lineitem.parquet,25,3,1,2,40,251127,0,8388608,0,1048576,699
/dev/shm/with_compression/parquet-10/lineitem.parquet,26,3,1,2,40,250950,0,8388608,0,1048576,706
/dev/shm/with_compression/parquet-10/lineitem.parquet,27,3,1,2,40,249281,0,8388608,0,1048576,701
/dev/shm/with_compression/parquet-10/lineitem.parquet,28,3,1,2,40,253389,0,8388608,0,1048576,699
/dev/shm/with_compression/parquet-10/lineitem.parquet,29,3,1,2,40,249127,0,8388608,0,1048576,699
/dev/shm/with_compression/parquet-10/lineitem.parquet,30,3,1,2,40,250675,0,8388608,0,1048576,702
/dev/shm/with_compression/parquet-10/lineitem.parquet,31,3,1,2,40,250717,0,8388608,0,1048576,712
/dev/shm/with_compression/parquet-10/lineitem.parquet,32,3,1,2,40,250700,0,8388608,0,1048576,715
/dev/shm/with_compression/parquet-10/lineitem.parquet,33,3,1,2,40,250606,0,8388608,0,1048576,702
/dev/shm/with_compression/parquet-10/lineitem.parquet,34,3,1,2,40,251067,0,8388608,0,1048576,700
/dev/shm/with_compression/parquet-10/lineitem.parquet,35,3,1,2,40,249982,0,8388608,0,1048576,702
/dev/shm/with_compression/parquet-10/lineitem.parquet,36,3,1,2,40,250535,0,8388608,0,1048576,698
/dev/shm/with_compression/parquet-10/lineitem.parquet,37,3,1,2,40,250676,0,8388608,0,1048576,699
/dev/shm/with_compression/parquet-10/lineitem.parquet,38,3,1,2,40,252844,0,8388608,0,1048576,703
/dev/shm/with_compression/parquet-10/lineitem.parquet,39,3,1,2,40,250739,0,8388608,0,1048576,700
/dev/shm/with_compression/parquet-10/lineitem.parquet,40,3,1,2,40,250936,0,8388608,0,1048576,701
/dev/shm/with_compression/parquet-10/lineitem.parquet,41,3,1,2,40,250530,0,8388608,0,1048576,698
/dev/shm/with_compression/parquet-10/lineitem.parquet,42,3,1,2,40,251121,0,8388608,0,1048576,705
/dev/shm/with_compression/parquet-10/lineitem.parquet,43,3,1,2,40,251389,0,8388608,0,1048576,702
/dev/shm/with_compression/parquet-10/lineitem.parquet,44,3,1,2,40,251258,0,8388608,0,1048576,698
/dev/shm/with_compression/parquet-10/lineitem.parquet,45,3,1,2,40,250574,0,8388608,0,1048576,704
/dev/shm/with_compression/parquet-10/lineitem.parquet,46,3,1,2,40,249474,0,8388608,0,1048576,712
/dev/shm/with_compression/parquet-10/lineitem.parquet,47,3,1,2,40,251242,0,8388608,0,1048576,710
/dev/shm/with_compression/parquet-10/lineitem.parquet,48,3,1,2,40,250757,0,8388608,0,1048576,702
/dev/shm/with_compression/parquet-10/lineitem.parquet,49,3,1,2,40,250723,0,8388608,0,1048576,701
/dev/shm/with_compression/parquet-10/lineitem.parquet,50,3,1,2,40,251208,0,8388608,0,1048576,698
/dev/shm/with_compression/parquet-10/lineitem.parquet,51,3,1,2,40,250941,0,8388608,0,1048576,698
/dev/shm/with_compression/parquet-10/lineitem.parquet,52,3,1,2,40,250729,0,8388608,0,1048576,699
/dev/shm/with_compression/parquet-10/lineitem.parquet,53,3,1,2,40,251154,0,8388608,0,1048576,703
/dev/shm/with_compression/parquet-10/lineitem.parquet,54,3,1,2,40,250303,0,8388608,0,1048576,700
/dev/shm/with_compression/parquet-10/lineitem.parquet,55,3,1,2,40,250530,0,8388608,0,1048576,703
/dev/shm/with_compression/parquet-10/lineitem.parquet,56,3,1,2,40,251679,0,8388608,0,1048576,694
/dev/shm/with_compression/parquet-10/lineitem.parquet,57,3,1,2,40,52186,0,1737760,0,217220,211
/dev/shm/with_compression/parquet-10/lineitem.parquet,0,4,1,2,212,788565,0,8388608,0,1048576,829
/dev/shm/with_compression/parquet-10/lineitem.parquet,1,4,1,2,215,788565,0,8388608,0,1048576,830
/dev/shm/with_compression/parquet-10/lineitem.parquet,2,4,1,2,211,788565,0,8388608,0,1048576,829
/dev/shm/with_compression/parquet-10/lineitem.parquet,3,4,1,2,215,788565,0,8388608,0,1048576,849
/dev/shm/with_compression/parquet-10/lineitem.parquet,4,4,1,2,214,788565,0,8388608,0,1048576,835
/dev/shm/with_compression/parquet-10/lineitem.parquet,5,4,1,2,218,788565,0,8388608,0,1048576,835
/dev/shm/with_compression/parquet-10/lineitem.parquet,6,4,1,2,214,788565,0,8388608,0,1048576,841
/dev/shm/with_compression/parquet-10/lineitem.parquet,7,4,1,2,213,788565,0,8388608,0,1048576,841
/dev/shm/with_compression/parquet-10/lineitem.parquet,8,4,1,2,211,788565,0,8388608,0,1048576,846
/dev/shm/with_compression/parquet-10/lineitem.parquet,9,4,1,2,215,788565,0,8388608,0,1048576,837
/dev/shm/with_compression/parquet-10/lineitem.parquet,10,4,1,2,214,788565,0,8388608,0,1048576,839
/dev/shm/with_compression/parquet-10/lineitem.parquet,11,4,1,2,211,788565,0,8388608,0,1048576,840
/dev/shm/with_compression/parquet-10/lineitem.parquet,12,4,1,2,208,788565,0,8388608,0,1048576,839
/dev/shm/with_compression/parquet-10/lineitem.parquet,13,4,1,2,211,788565,0,8388608,0,1048576,839
/dev/shm/with_compression/parquet-10/lineitem.parquet,14,4,1,2,212,788565,0,8388608,0,1048576,838
/dev/shm/with_compression/parquet-10/lineitem.parquet,15,4,1,2,214,788565,0,8388608,0,1048576,836
/dev/shm/with_compression/parquet-10/lineitem.parquet,16,4,1,2,215,788565,0,8388608,0,1048576,835
/dev/shm/with_compression/parquet-10/lineitem.parquet,17,4,1,2,213,788565,0,8388608,0,1048576,834
/dev/shm/with_compression/parquet-10/lineitem.parquet,18,4,1,2,210,788565,0,8388608,0,1048576,837
/dev/shm/with_compression/parquet-10/lineitem.parquet,19,4,1,2,215,788565,0,8388608,0,1048576,837
/dev/shm/with_compression/parquet-10/lineitem.parquet,20,4,1,2,214,788565,0,8388608,0,1048576,837
/dev/shm/with_compression/parquet-10/lineitem.parquet,21,4,1,2,212,788565,0,8388608,0,1048576,837
/dev/shm/with_compression/parquet-10/lineitem.parquet,22,4,1,2,215,788565,0,8388608,0,1048576,836
/dev/shm/with_compression/parquet-10/lineitem.parquet,23,4,1,2,217,788565,0,8388608,0,1048576,834
/dev/shm/with_compression/parquet-10/lineitem.parquet,24,4,1,2,219,788565,0,8388608,0,1048576,834
/dev/shm/with_compression/parquet-10/lineitem.parquet,25,4,1,2,217,788565,0,8388608,0,1048576,840
/dev/shm/with_compression/parquet-10/lineitem.parquet,26,4,1,2,216,788565,0,8388608,0,1048576,840
/dev/shm/with_compression/parquet-10/lineitem.parquet,27,4,1,2,213,788565,0,8388608,0,1048576,845
/dev/shm/with_compression/parquet-10/lineitem.parquet,28,4,1,2,210,788565,0,8388608,0,1048576,830
/dev/shm/with_compression/parquet-10/lineitem.parquet,29,4,1,2,215,788565,0,8388608,0,1048576,828
/dev/shm/with_compression/parquet-10/lineitem.parquet,30,4,1,2,217,788565,0,8388608,0,1048576,845
/dev/shm/with_compression/parquet-10/lineitem.parquet,31,4,1,2,215,788565,0,8388608,0,1048576,832
/dev/shm/with_compression/parquet-10/lineitem.parquet,32,4,1,2,210,788565,0,8388608,0,1048576,839
/dev/shm/with_compression/parquet-10/lineitem.parquet,33,4,1,2,214,788565,0,8388608,0,1048576,832
/dev/shm/with_compression/parquet-10/lineitem.parquet,34,4,1,2,212,788565,0,8388608,0,1048576,836
/dev/shm/with_compression/parquet-10/lineitem.parquet,35,4,1,2,216,788565,0,8388608,0,1048576,836
/dev/shm/with_compression/parquet-10/lineitem.parquet,36,4,1,2,218,788565,0,8388608,0,1048576,834
/dev/shm/with_compression/parquet-10/lineitem.parquet,37,4,1,2,216,788565,0,8388608,0,1048576,834
/dev/shm/with_compression/parquet-10/lineitem.parquet,38,4,1,2,218,788565,0,8388608,0,1048576,833
/dev/shm/with_compression/parquet-10/lineitem.parquet,39,4,1,2,216,788565,0,8388608,0,1048576,833
/dev/shm/with_compression/parquet-10/lineitem.parquet,40,4,1,2,219,788565,0,8388608,0,1048576,833
/dev/shm/with_compression/parquet-10/lineitem.parquet,41,4,1,2,216,788565,0,8388608,0,1048576,834
/dev/shm/with_compression/parquet-10/lineitem.parquet,42,4,1,2,218,788565,0,8388608,0,1048576,837
/dev/shm/with_compression/parquet-10/lineitem.parquet,43,4,1,2,220,788565,0,8388608,0,1048576,834
/dev/shm/with_compression/parquet-10/lineitem.parquet,44,4,1,2,216,788565,0,8388608,0,1048576,845
/dev/shm/with_compression/parquet-10/lineitem.parquet,45,4,1,2,220,788565,0,8388608,0,1048576,839
/dev/shm/with_compression/parquet-10/lineitem.parquet,46,4,1,2,215,788565,0,8388608,0,1048576,853
/dev/shm/with_compression/parquet-10/lineitem.parquet,47,4,1,2,215,788565,0,8388608,0,1048576,868
/dev/shm/with_compression/parquet-10/lineitem.parquet,48,4,1,2,218,788565,0,8388608,0,1048576,840
/dev/shm/with_compression/parquet-10/lineitem.parquet,49,4,1,2,218,788565,0,8388608,0,1048576,836
/dev/shm/with_compression/parquet-10/lineitem.parquet,50,4,1,2,210,788565,0,8388608,0,1048576,829
/dev/shm/with_compression/parquet-10/lineitem.parquet,51,4,1,2,210,788565,0,8388608,0,1048576,826
/dev/shm/with_compression/parquet-10/lineitem.parquet,52,4,1,2,219,788565,0,8388608,0,1048576,829
/dev/shm/with_compression/parquet-10/lineitem.parquet,53,4,1,2,216,788565,0,8388608,0,1048576,829
/dev/shm/with_compression/parquet-10/lineitem.parquet,54,4,1,2,215,788565,0,8388608,0,1048576,832
/dev/shm/with_compression/parquet-10/lineitem.parquet,55,4,1,2,209,788565,0,8388608,0,1048576,842
/dev/shm/with_compression/parquet-10/lineitem.parquet,56,4,1,2,219,788565,0,8388608,0,1048576,836
/dev/shm/with_compression/parquet-10/lineitem.parquet,57,4,1,2,214,163370,0,1737760,0,217220,245
/dev/shm/with_compression/parquet-10/lineitem.parquet,0,5,1,9,5981380,318240,7258112,1130496,907264,141312,6742
/dev/shm/with_compression/parquet-10/lineitem.parquet,1,5,1,9,5982043,318246,7258112,1130496,907264,141312,6775
/dev/shm/with_compression/parquet-10/lineitem.parquet,2,5,1,9,5981510,318251,7258112,1130496,907264,141312,6796
/dev/shm/with_compression/parquet-10/lineitem.parquet,3,5,1,9,5981886,318247,7258112,1130496,907264,141312,6804
/dev/shm/with_compression/parquet-10/lineitem.parquet,4,5,1,9,5980740,318260,7258112,1130496,907264,141312,6802
/dev/shm/with_compression/parquet-10/lineitem.parquet,5,5,1,9,5982142,318238,7258112,1130496,907264,141312,6807
/dev/shm/with_compression/parquet-10/lineitem.parquet,6,5,1,9,5981049,318248,7258112,1130496,907264,141312,6799
/dev/shm/with_compression/parquet-10/lineitem.parquet,7,5,1,9,5982744,318248,7258112,1130496,907264,141312,6804
/dev/shm/with_compression/parquet-10/lineitem.parquet,8,5,1,9,5981968,318240,7258112,1130496,907264,141312,6797
/dev/shm/with_compression/parquet-10/lineitem.parquet,9,5,1,9,5981982,318247,7258112,1130496,907264,141312,6800
/dev/shm/with_compression/parquet-10/lineitem.parquet,10,5,1,9,5981165,318246,7258112,1130496,907264,141312,6806
/dev/shm/with_compression/parquet-10/lineitem.parquet,11,5,1,9,5981835,318237,7258112,1130496,907264,141312,6806
/dev/shm/with_compression/parquet-10/lineitem.parquet,12,5,1,9,5980755,318244,7258112,1130496,907264,141312,6860
/dev/shm/with_compression/parquet-10/lineitem.parquet,13,5,1,9,5981949,318238,7258112,1130496,907264,141312,6869
/dev/shm/with_compression/parquet-10/lineitem.parquet,14,5,1,9,5981617,318252,7258112,1130496,907264,141312,6874
/dev/shm/with_compression/parquet-10/lineitem.parquet,15,5,1,9,5982599,318248,7258112,1130496,907264,141312,6869
/dev/shm/with_compression/parquet-10/lineitem.parquet,16,5,1,9,5982576,318253,7258112,1130496,907264,141312,6879
/dev/shm/with_compression/parquet-10/lineitem.parquet,17,5,1,9,5982204,318251,7258112,1130496,907264,141312,6885
/dev/shm/with_compression/parquet-10/lineitem.parquet,18,5,1,9,5982167,318239,7258112,1130496,907264,141312,6880
/dev/shm/with_compression/parquet-10/lineitem.parquet,19,5,1,9,5981505,318237,7258112,1130496,907264,141312,6876
/dev/shm/with_compression/parquet-10/lineitem.parquet,20,5,1,9,5983292,318238,7258112,1130496,907264,141312,6876
/dev/shm/with_compression/parquet-10/lineitem.parquet,21,5,1,9,5982157,318243,7258112,1130496,907264,141312,6874
/dev/shm/with_compression/parquet-10/lineitem.parquet,22,5,1,9,5982646,318248,7258112,1130496,907264,141312,6874
/dev/shm/with_compression/parquet-10/lineitem.parquet,23,5,1,9,5981181,318237,7258112,1130496,907264,141312,6872
/dev/shm/with_compression/parquet-10/lineitem.parquet,24,5,1,9,5981328,318246,7258112,1130496,907264,141312,6871
/dev/shm/with_compression/parquet-10/lineitem.parquet,25,5,1,9,5982625,318240,7258112,1130496,907264,141312,6874
/dev/shm/with_compression/parquet-10/lineitem.parquet,26,5,1,9,5981818,318238,7258112,1130496,907264,141312,6881
/dev/shm/with_compression/parquet-10/lineitem.parquet,27,5,1,9,5982334,318247,7258112,1130496,907264,141312,6883
/dev/shm/with_compression/parquet-10/lineitem.parquet,28,5,1,9,5982993,318253,7258112,1130496,907264,141312,6871
/dev/shm/with_compression/parquet-10/lineitem.parquet,29,5,1,9,5980624,318250,7258112,1130496,907264,141312,6869
/dev/shm/with_compression/parquet-10/lineitem.parquet,30,5,1,9,5983354,318248,7258112,1130496,907264,141312,6876
/dev/shm/with_compression/parquet-10/lineitem.parquet,31,5,1,9,5982881,318248,7258112,1130496,907264,141312,6885
/dev/shm/with_compression/parquet-10/lineitem.parquet,32,5,1,9,5982129,318253,7258112,1130496,907264,141312,6872
/dev/shm/with_compression/parquet-10/lineitem.parquet,33,5,1,9,5982193,318244,7258112,1130496,907264,141312,6877
/dev/shm/with_compression/parquet-10/lineitem.parquet,34,5,1,9,5981969,318240,7258112,1130496,907264,141312,6867
/dev/shm/with_compression/parquet-10/lineitem.parquet,35,5,1,9,5982620,318248,7258112,1130496,907264,141312,6875
/dev/shm/with_compression/parquet-10/lineitem.parquet,36,5,1,9,5982224,318244,7258112,1130496,907264,141312,6876
/dev/shm/with_compression/parquet-10/lineitem.parquet,37,5,1,9,5981553,318248,7258112,1130496,907264,141312,6875
/dev/shm/with_compression/parquet-10/lineitem.parquet,38,5,1,9,5982601,318238,7258112,1130496,907264,141312,6880
/dev/shm/with_compression/parquet-10/lineitem.parquet,39,5,1,9,5981704,318248,7258112,1130496,907264,141312,6880
/dev/shm/with_compression/parquet-10/lineitem.parquet,40,5,1,9,5981743,318248,7258112,1130496,907264,141312,6852
/dev/shm/with_compression/parquet-10/lineitem.parquet,41,5,1,9,5980766,318244,7258112,1130496,907264,141312,6833
/dev/shm/with_compression/parquet-10/lineitem.parquet,42,5,1,9,5982416,318240,7258112,1130496,907264,141312,6831
/dev/shm/with_compression/parquet-10/lineitem.parquet,43,5,1,9,5981254,318248,7258112,1130496,907264,141312,6838
/dev/shm/with_compression/parquet-10/lineitem.parquet,44,5,1,9,5982333,318239,7258112,1130496,907264,141312,6833
/dev/shm/with_compression/parquet-10/lineitem.parquet,45,5,1,9,5983612,318253,7258112,1130496,907264,141312,6879
/dev/shm/with_compression/parquet-10/lineitem.parquet,46,5,1,9,5981905,318238,7258112,1130496,907264,141312,6871
/dev/shm/with_compression/parquet-10/lineitem.parquet,47,5,1,9,5981691,318244,7258112,1130496,907264,141312,6864
/dev/shm/with_compression/parquet-10/lineitem.parquet,48,5,1,9,5982341,318240,7258112,1130496,907264,141312,6876
/dev/shm/with_compression/parquet-10/lineitem.parquet,49,5,1,9,5980931,318240,7258112,1130496,907264,141312,6873
/dev/shm/with_compression/parquet-10/lineitem.parquet,50,5,1,9,5981453,318248,7258112,1130496,907264,141312,6877
/dev/shm/with_compression/parquet-10/lineitem.parquet,51,5,1,9,5982257,318240,7258112,1130496,907264,141312,6874
/dev/shm/with_compression/parquet-10/lineitem.parquet,52,5,1,9,5981795,318252,7258112,1130496,907264,141312,6841
/dev/shm/with_compression/parquet-10/lineitem.parquet,53,5,1,9,5982417,318253,7258112,1130496,907264,141312,6848
/dev/shm/with_compression/parquet-10/lineitem.parquet,54,5,1,9,5981098,318248,7258112,1130496,907264,141312,6839
/dev/shm/with_compression/parquet-10/lineitem.parquet,55,5,1,9,5983392,318240,7258112,1130496,907264,141312,6842
/dev/shm/with_compression/parquet-10/lineitem.parquet,56,5,1,9,5982203,318248,7258112,1130496,907264,141312,6834
/dev/shm/with_compression/parquet-10/lineitem.parquet,57,5,1,3,1195701,318238,607264,1130496,75908,141312,1590
/dev/shm/with_compression/parquet-10/lineitem.parquet,0,6,1,2,70,526409,0,8388608,0,1048576,806
/dev/shm/with_compression/parquet-10/lineitem.parquet,1,6,1,2,70,526409,0,8388608,0,1048576,806
/dev/shm/with_compression/parquet-10/lineitem.parquet,2,6,1,2,65,526409,0,8388608,0,1048576,802
/dev/shm/with_compression/parquet-10/lineitem.parquet,3,6,1,2,71,526409,0,8388608,0,1048576,794
/dev/shm/with_compression/parquet-10/lineitem.parquet,4,6,1,2,70,526409,0,8388608,0,1048576,788
/dev/shm/with_compression/parquet-10/lineitem.parquet,5,6,1,2,68,526409,0,8388608,0,1048576,795
/dev/shm/with_compression/parquet-10/lineitem.parquet,6,6,1,2,65,526409,0,8388608,0,1048576,791
/dev/shm/with_compression/parquet-10/lineitem.parquet,7,6,1,2,67,526409,0,8388608,0,1048576,791
/dev/shm/with_compression/parquet-10/lineitem.parquet,8,6,1,2,68,526409,0,8388608,0,1048576,794
/dev/shm/with_compression/parquet-10/lineitem.parquet,9,6,1,2,72,526409,0,8388608,0,1048576,799
/dev/shm/with_compression/parquet-10/lineitem.parquet,10,6,1,2,66,526409,0,8388608,0,1048576,805
/dev/shm/with_compression/parquet-10/lineitem.parquet,11,6,1,2,69,526409,0,8388608,0,1048576,801
/dev/shm/with_compression/parquet-10/lineitem.parquet,12,6,1,2,67,526409,0,8388608,0,1048576,807
/dev/shm/with_compression/parquet-10/lineitem.parquet,13,6,1,2,70,526409,0,8388608,0,1048576,802
/dev/shm/with_compression/parquet-10/lineitem.parquet,14,6,1,2,75,526409,0,8388608,0,1048576,808
/dev/shm/with_compression/parquet-10/lineitem.parquet,15,6,1,2,65,526409,0,8388608,0,1048576,802
/dev/shm/with_compression/parquet-10/lineitem.parquet,16,6,1,2,72,526409,0,8388608,0,1048576,803
/dev/shm/with_compression/parquet-10/lineitem.parquet,17,6,1,2,69,526409,0,8388608,0,1048576,801
/dev/shm/with_compression/parquet-10/lineitem.parquet,18,6,1,2,68,526409,0,8388608,0,1048576,800
/dev/shm/with_compression/parquet-10/lineitem.parquet,19,6,1,2,67,526409,0,8388608,0,1048576,802
/dev/shm/with_compression/parquet-10/lineitem.parquet,20,6,1,2,71,526409,0,8388608,0,1048576,804
/dev/shm/with_compression/parquet-10/lineitem.parquet,21,6,1,2,65,526409,0,8388608,0,1048576,802
/dev/shm/with_compression/parquet-10/lineitem.parquet,22,6,1,2,68,526409,0,8388608,0,1048576,799
/dev/shm/with_compression/parquet-10/lineitem.parquet,23,6,1,2,69,526409,0,8388608,0,1048576,811
/dev/shm/with_compression/parquet-10/lineitem.parquet,24,6,1,2,69,526409,0,8388608,0,1048576,811
/dev/shm/with_compression/parquet-10/lineitem.parquet,25,6,1,2,69,526409,0,8388608,0,1048576,803
/dev/shm/with_compression/parquet-10/lineitem.parquet,26,6,1,2,66,526409,0,8388608,0,1048576,805
/dev/shm/with_compression/parquet-10/lineitem.parquet,27,6,1,2,71,526409,0,8388608,0,1048576,798
/dev/shm/with_compression/parquet-10/lineitem.parquet,28,6,1,2,68,526409,0,8388608,0,1048576,798
/dev/shm/with_compression/parquet-10/lineitem.parquet,29,6,1,2,70,526409,0,8388608,0,1048576,795
/dev/shm/with_compression/parquet-10/lineitem.parquet,30,6,1,2,68,526409,0,8388608,0,1048576,803
/dev/shm/with_compression/parquet-10/lineitem.parquet,31,6,1,2,69,526409,0,8388608,0,1048576,802
/dev/shm/with_compression/parquet-10/lineitem.parquet,32,6,1,2,69,526409,0,8388608,0,1048576,804
/dev/shm/with_compression/parquet-10/lineitem.parquet,33,6,1,2,67,526409,0,8388608,0,1048576,801
/dev/shm/with_compression/parquet-10/lineitem.parquet,34,6,1,2,66,526409,0,8388608,0,1048576,807
/dev/shm/with_compression/parquet-10/lineitem.parquet,35,6,1,2,65,526409,0,8388608,0,1048576,814
/dev/shm/with_compression/parquet-10/lineitem.parquet,36,6,1,2,70,526409,0,8388608,0,1048576,800
/dev/shm/with_compression/parquet-10/lineitem.parquet,37,6,1,2,71,526409,0,8388608,0,1048576,802
/dev/shm/with_compression/parquet-10/lineitem.parquet,38,6,1,2,69,526409,0,8388608,0,1048576,797
/dev/shm/with_compression/parquet-10/lineitem.parquet,39,6,1,2,69,526409,0,8388608,0,1048576,799
/dev/shm/with_compression/parquet-10/lineitem.parquet,40,6,1,2,68,526409,0,8388608,0,1048576,799
/dev/shm/with_compression/parquet-10/lineitem.parquet,41,6,1,2,72,526409,0,8388608,0,1048576,800
/dev/shm/with_compression/parquet-10/lineitem.parquet,42,6,1,2,65,526409,0,8388608,0,1048576,797
/dev/shm/with_compression/parquet-10/lineitem.parquet,43,6,1,2,65,526409,0,8388608,0,1048576,800
/dev/shm/with_compression/parquet-10/lineitem.parquet,44,6,1,2,72,526409,0,8388608,0,1048576,796
/dev/shm/with_compression/parquet-10/lineitem.parquet,45,6,1,2,69,526409,0,8388608,0,1048576,804
/dev/shm/with_compression/parquet-10/lineitem.parquet,46,6,1,2,70,526409,0,8388608,0,1048576,793
/dev/shm/with_compression/parquet-10/lineitem.parquet,47,6,1,2,69,526409,0,8388608,0,1048576,795
/dev/shm/with_compression/parquet-10/lineitem.parquet,48,6,1,2,70,526409,0,8388608,0,1048576,796
/dev/shm/with_compression/parquet-10/lineitem.parquet,49,6,1,2,69,526409,0,8388608,0,1048576,792
/dev/shm/with_compression/parquet-10/lineitem.parquet,50,6,1,2,69,526409,0,8388608,0,1048576,794
/dev/shm/with_compression/parquet-10/lineitem.parquet,51,6,1,2,69,526409,0,8388608,0,1048576,795
/dev/shm/with_compression/parquet-10/lineitem.parquet,52,6,1,2,66,526409,0,8388608,0,1048576,797
/dev/shm/with_compression/parquet-10/lineitem.parquet,53,6,1,2,69,526409,0,8388608,0,1048576,800
/dev/shm/with_compression/parquet-10/lineitem.parquet,54,6,1,2,70,526409,0,8388608,0,1048576,796
/dev/shm/with_compression/parquet-10/lineitem.parquet,55,6,1,2,69,526409,0,8388608,0,1048576,798
/dev/shm/with_compression/parquet-10/lineitem.parquet,56,6,1,2,69,526409,0,8388608,0,1048576,800
/dev/shm/with_compression/parquet-10/lineitem.parquet,57,6,1,2,73,109061,0,1737760,0,217220,237
/dev/shm/with_compression/parquet-10/lineitem.parquet,0,7,1,2,57,526409,0,8388608,0,1048576,809
/dev/shm/with_compression/parquet-10/lineitem.parquet,1,7,1,2,58,526409,0,8388608,0,1048576,813
/dev/shm/with_compression/parquet-10/lineitem.parquet,2,7,1,2,56,526409,0,8388608,0,1048576,811
/dev/shm/with_compression/parquet-10/lineitem.parquet,3,7,1,2,54,526409,0,8388608,0,1048576,827
/dev/shm/with_compression/parquet-10/lineitem.parquet,4,7,1,2,54,526409,0,8388608,0,1048576,807
/dev/shm/with_compression/parquet-10/lineitem.parquet,5,7,1,2,54,526409,0,8388608,0,1048576,806
/dev/shm/with_compression/parquet-10/lineitem.parquet,6,7,1,2,56,526409,0,8388608,0,1048576,804
/dev/shm/with_compression/parquet-10/lineitem.parquet,7,7,1,2,60,526409,0,8388608,0,1048576,809
/dev/shm/with_compression/parquet-10/lineitem.parquet,8,7,1,2,57,526409,0,8388608,0,1048576,808
/dev/shm/with_compression/parquet-10/lineitem.parquet,9,7,1,2,54,526409,0,8388608,0,1048576,806
/dev/shm/with_compression/parquet-10/lineitem.parquet,10,7,1,2,55,526409,0,8388608,0,1048576,808
/dev/shm/with_compression/parquet-10/lineitem.parquet,11,7,1,2,56,526409,0,8388608,0,1048576,805
/dev/shm/with_compression/parquet-10/lineitem.parquet,12,7,1,2,55,526409,0,8388608,0,1048576,805
/dev/shm/with_compression/parquet-10/lineitem.parquet,13,7,1,2,57,526409,0,8388608,0,1048576,806
/dev/shm/with_compression/parquet-10/lineitem.parquet,14,7,1,2,63,526409,0,8388608,0,1048576,804
/dev/shm/with_compression/parquet-10/lineitem.parquet,15,7,1,2,60,526409,0,8388608,0,1048576,827
/dev/shm/with_compression/parquet-10/lineitem.parquet,16,7,1,2,59,526409,0,8388608,0,1048576,815
/dev/shm/with_compression/parquet-10/lineitem.parquet,17,7,1,2,54,526409,0,8388608,0,1048576,806
/dev/shm/with_compression/parquet-10/lineitem.parquet,18,7,1,2,57,526409,0,8388608,0,1048576,808
/dev/shm/with_compression/parquet-10/lineitem.parquet,19,7,1,2,57,526409,0,8388608,0,1048576,808
/dev/shm/with_compression/parquet-10/lineitem.parquet,20,7,1,2,57,526409,0,8388608,0,1048576,800
/dev/shm/with_compression/parquet-10/lineitem.parquet,21,7,1,2,57,526409,0,8388608,0,1048576,802
/dev/shm/with_compression/parquet-10/lineitem.parquet,22,7,1,2,56,526409,0,8388608,0,1048576,801
/dev/shm/with_compression/parquet-10/lineitem.parquet,23,7,1,2,57,526409,0,8388608,0,1048576,801
/dev/shm/with_compression/parquet-10/lineitem.parquet,24,7,1,2,59,526409,0,8388608,0,1048576,802
/dev/shm/with_compression/parquet-10/lineitem.parquet,25,7,1,2,57,526409,0,8388608,0,1048576,809
/dev/shm/with_compression/parquet-10/lineitem.parquet,26,7,1,2,57,526409,0,8388608,0,1048576,806
/dev/shm/with_compression/parquet-10/lineitem.parquet,27,7,1,2,56,526409,0,8388608,0,1048576,803
/dev/shm/with_compression/parquet-10/lineitem.parquet,28,7,1,2,55,526409,0,8388608,0,1048576,802
/dev/shm/with_compression/parquet-10/lineitem.parquet,29,7,1,2,56,526409,0,8388608,0,1048576,805
/dev/shm/with_compression/parquet-10/lineitem.parquet,30,7,1,2,57,526409,0,8388608,0,1048576,803
/dev/shm/with_compression/parquet-10/lineitem.parquet,31,7,1,2,57,526409,0,8388608,0,1048576,809
/dev/shm/with_compression/parquet-10/lineitem.parquet,32,7,1,2,57,526409,0,8388608,0,1048576,805
/dev/shm/with_compression/parquet-10/lineitem.parquet,33,7,1,2,60,526409,0,8388608,0,1048576,805
/dev/shm/with_compression/parquet-10/lineitem.parquet,34,7,1,2,57,526409,0,8388608,0,1048576,805
/dev/shm/with_compression/parquet-10/lineitem.parquet,35,7,1,2,60,526409,0,8388608,0,1048576,805
/dev/shm/with_compression/parquet-10/lineitem.parquet,36,7,1,2,57,526409,0,8388608,0,1048576,807
/dev/shm/with_compression/parquet-10/lineitem.parquet,37,7,1,2,55,526409,0,8388608,0,1048576,801
/dev/shm/with_compression/parquet-10/lineitem.parquet,38,7,1,2,57,526409,0,8388608,0,1048576,807
/dev/shm/with_compression/parquet-10/lineitem.parquet,39,7,1,2,58,526409,0,8388608,0,1048576,807
/dev/shm/with_compression/parquet-10/lineitem.parquet,40,7,1,2,57,526409,0,8388608,0,1048576,804
/dev/shm/with_compression/parquet-10/lineitem.parquet,41,7,1,2,60,526409,0,8388608,0,1048576,802
/dev/shm/with_compression/parquet-10/lineitem.parquet,42,7,1,2,57,526409,0,8388608,0,1048576,799
/dev/shm/with_compression/parquet-10/lineitem.parquet,43,7,1,2,57,526409,0,8388608,0,1048576,806
/dev/shm/with_compression/parquet-10/lineitem.parquet,44,7,1,2,57,526409,0,8388608,0,1048576,814
/dev/shm/with_compression/parquet-10/lineitem.parquet,45,7,1,2,58,526409,0,8388608,0,1048576,808
/dev/shm/with_compression/parquet-10/lineitem.parquet,46,7,1,2,57,526408,0,8388608,0,1048576,805
/dev/shm/with_compression/parquet-10/lineitem.parquet,47,7,1,2,57,526409,0,8388608,0,1048576,802
/dev/shm/with_compression/parquet-10/lineitem.parquet,48,7,1,2,57,526409,0,8388608,0,1048576,812
/dev/shm/with_compression/parquet-10/lineitem.parquet,49,7,1,2,57,526409,0,8388608,0,1048576,804
/dev/shm/with_compression/parquet-10/lineitem.parquet,50,7,1,2,54,526409,0,8388608,0,1048576,809
/dev/shm/with_compression/parquet-10/lineitem.parquet,51,7,1,2,56,526409,0,8388608,0,1048576,810
/dev/shm/with_compression/parquet-10/lineitem.parquet,52,7,1,2,57,526407,0,8388608,0,1048576,808
/dev/shm/with_compression/parquet-10/lineitem.parquet,53,7,1,2,57,526409,0,8388608,0,1048576,805
/dev/shm/with_compression/parquet-10/lineitem.parquet,54,7,1,2,55,526409,0,8388608,0,1048576,805
/dev/shm/with_compression/parquet-10/lineitem.parquet,55,7,1,2,61,526409,0,8388608,0,1048576,812
/dev/shm/with_compression/parquet-10/lineitem.parquet,56,7,1,2,58,526409,0,8388608,0,1048576,797
/dev/shm/with_compression/parquet-10/lineitem.parquet,57,7,1,2,58,109061,0,1737760,0,217220,237
/dev/shm/with_compression/parquet-10/lineitem.parquet,0,8,1,3,10109,1575044,0,4194304,0,1048576,894
/dev/shm/with_compression/parquet-10/lineitem.parquet,1,8,1,3,10112,1575044,0,4194304,0,1048576,891
/dev/shm/with_compression/parquet-10/lineitem.parquet,2,8,1,3,10109,1575044,0,4194304,0,1048576,895
/dev/shm/with_compression/parquet-10/lineitem.parquet,3,8,1,3,10109,1575044,0,4194304,0,1048576,903
/dev/shm/with_compression/parquet-10/lineitem.parquet,4,8,1,3,10110,1575044,0,4194304,0,1048576,893
/dev/shm/with_compression/parquet-10/lineitem.parquet,5,8,1,3,10109,1575044,0,4194304,0,1048576,895
/dev/shm/with_compression/parquet-10/lineitem.parquet,6,8,1,3,10109,1575044,0,4194304,0,1048576,893
/dev/shm/with_compression/parquet-10/lineitem.parquet,7,8,1,3,10109,1575044,0,4194304,0,1048576,890
/dev/shm/with_compression/parquet-10/lineitem.parquet,8,8,1,3,10109,1575044,0,4194304,0,1048576,887
/dev/shm/with_compression/parquet-10/lineitem.parquet,9,8,1,3,10109,1575044,0,4194304,0,1048576,895
/dev/shm/with_compression/parquet-10/lineitem.parquet,10,8,1,3,10110,1575044,0,4194304,0,1048576,888
/dev/shm/with_compression/parquet-10/lineitem.parquet,11,8,1,3,10109,1575044,0,4194304,0,1048576,888
/dev/shm/with_compression/parquet-10/lineitem.parquet,12,8,1,3,10109,1575044,0,4194304,0,1048576,885
/dev/shm/with_compression/parquet-10/lineitem.parquet,13,8,1,3,10109,1575044,0,4194304,0,1048576,890
/dev/shm/with_compression/parquet-10/lineitem.parquet,14,8,1,3,10109,1575044,0,4194304,0,1048576,894
/dev/shm/with_compression/parquet-10/lineitem.parquet,15,8,1,3,10105,1575044,0,4194304,0,1048576,894
/dev/shm/with_compression/parquet-10/lineitem.parquet,16,8,1,3,10111,1575044,0,4194304,0,1048576,892
/dev/shm/with_compression/parquet-10/lineitem.parquet,17,8,1,3,10109,1575044,0,4194304,0,1048576,885
/dev/shm/with_compression/parquet-10/lineitem.parquet,18,8,1,3,10108,1575044,0,4194304,0,1048576,883
/dev/shm/with_compression/parquet-10/lineitem.parquet,19,8,1,3,10109,1575044,0,4194304,0,1048576,884
/dev/shm/with_compression/parquet-10/lineitem.parquet,20,8,1,3,10109,1575044,0,4194304,0,1048576,882
/dev/shm/with_compression/parquet-10/lineitem.parquet,21,8,1,3,10109,1575044,0,4194304,0,1048576,884
/dev/shm/with_compression/parquet-10/lineitem.parquet,22,8,1,3,10111,1575044,0,4194304,0,1048576,882
/dev/shm/with_compression/parquet-10/lineitem.parquet,23,8,1,3,10109,1575044,0,4194304,0,1048576,886
/dev/shm/with_compression/parquet-10/lineitem.parquet,24,8,1,3,10109,1575044,0,4194304,0,1048576,882
/dev/shm/with_compression/parquet-10/lineitem.parquet,25,8,1,3,10109,1575044,0,4194304,0,1048576,882
/dev/shm/with_compression/parquet-10/lineitem.parquet,26,8,1,3,10109,1575044,0,4194304,0,1048576,884
/dev/shm/with_compression/parquet-10/lineitem.parquet,27,8,1,3,10109,1575044,0,4194304,0,1048576,907
/dev/shm/with_compression/parquet-10/lineitem.parquet,28,8,1,3,10105,1575044,0,4194304,0,1048576,892
/dev/shm/with_compression/parquet-10/lineitem.parquet,29,8,1,3,10109,1575044,0,4194304,0,1048576,895
/dev/shm/with_compression/parquet-10/lineitem.parquet,30,8,1,3,10109,1575044,0,4194304,0,1048576,888
/dev/shm/with_compression/parquet-10/lineitem.parquet,31,8,1,3,10109,1575044,0,4194304,0,1048576,890
/dev/shm/with_compression/parquet-10/lineitem.parquet,32,8,1,3,10110,1575044,0,4194304,0,1048576,893
/dev/shm/with_compression/parquet-10/lineitem.parquet,33,8,1,3,10109,1575044,0,4194304,0,1048576,889
/dev/shm/with_compression/parquet-10/lineitem.parquet,34,8,1,3,10109,1575044,0,4194304,0,1048576,892
/dev/shm/with_compression/parquet-10/lineitem.parquet,35,8,1,3,10114,1575044,0,4194304,0,1048576,888
/dev/shm/with_compression/parquet-10/lineitem.parquet,36,8,1,3,10110,1575044,0,4194304,0,1048576,890
/dev/shm/with_compression/parquet-10/lineitem.parquet,37,8,1,3,10109,1575044,0,4194304,0,1048576,890
/dev/shm/with_compression/parquet-10/lineitem.parquet,38,8,1,3,10109,1575044,0,4194304,0,1048576,890
/dev/shm/with_compression/parquet-10/lineitem.parquet,39,8,1,3,10105,1575044,0,4194304,0,1048576,886
/dev/shm/with_compression/parquet-10/lineitem.parquet,40,8,1,3,10110,1575044,0,4194304,0,1048576,887
/dev/shm/with_compression/parquet-10/lineitem.parquet,41,8,1,3,10109,1575044,0,4194304,0,1048576,889
/dev/shm/with_compression/parquet-10/lineitem.parquet,42,8,1,3,10109,1575044,0,4194304,0,1048576,887
/dev/shm/with_compression/parquet-10/lineitem.parquet,43,8,1,3,10109,1575044,0,4194304,0,1048576,894
/dev/shm/with_compression/parquet-10/lineitem.parquet,44,8,1,3,10109,1575044,0,4194304,0,1048576,892
/dev/shm/with_compression/parquet-10/lineitem.parquet,45,8,1,3,10109,1575044,0,4194304,0,1048576,891
/dev/shm/with_compression/parquet-10/lineitem.parquet,46,8,1,3,10106,1575044,0,4194304,0,1048576,890
/dev/shm/with_compression/parquet-10/lineitem.parquet,47,8,1,3,10109,1575044,0,4194304,0,1048576,887
/dev/shm/with_compression/parquet-10/lineitem.parquet,48,8,1,3,10105,1575044,0,4194304,0,1048576,887
/dev/shm/with_compression/parquet-10/lineitem.parquet,49,8,1,3,10109,1575044,0,4194304,0,1048576,887
/dev/shm/with_compression/parquet-10/lineitem.parquet,50,8,1,3,10109,1575044,0,4194304,0,1048576,890
/dev/shm/with_compression/parquet-10/lineitem.parquet,51,8,1,3,10110,1575044,0,4194304,0,1048576,893
/dev/shm/with_compression/parquet-10/lineitem.parquet,52,8,1,3,10109,1575044,0,4194304,0,1048576,886
/dev/shm/with_compression/parquet-10/lineitem.parquet,53,8,1,3,10109,1575044,0,4194304,0,1048576,886
/dev/shm/with_compression/parquet-10/lineitem.parquet,54,8,1,3,10109,1575044,0,4194304,0,1048576,887
/dev/shm/with_compression/parquet-10/lineitem.parquet,55,8,1,3,10111,1575044,0,4194304,0,1048576,890
/dev/shm/with_compression/parquet-10/lineitem.parquet,56,8,1,3,10109,1575044,0,4194304,0,1048576,887
/dev/shm/with_compression/parquet-10/lineitem.parquet,57,8,1,2,10101,326294,0,868880,0,217220,248
/dev/shm/with_compression/parquet-10/lineitem.parquet,0,9,1,3,9875,1575044,0,4194304,0,1048576,886
/dev/shm/with_compression/parquet-10/lineitem.parquet,1,9,1,3,9869,1575044,0,4194304,0,1048576,882
/dev/shm/with_compression/parquet-10/lineitem.parquet,2,9,1,3,9869,1575044,0,4194304,0,1048576,884
/dev/shm/with_compression/parquet-10/lineitem.parquet,3,9,1,3,9869,1575044,0,4194304,0,1048576,883
/dev/shm/with_compression/parquet-10/lineitem.parquet,4,9,1,3,9869,1575044,0,4194304,0,1048576,887
/dev/shm/with_compression/parquet-10/lineitem.parquet,5,9,1,3,9873,1575044,0,4194304,0,1048576,893
/dev/shm/with_compression/parquet-10/lineitem.parquet,6,9,1,3,9869,1575044,0,4194304,0,1048576,889
/dev/shm/with_compression/parquet-10/lineitem.parquet,7,9,1,3,9869,1575044,0,4194304,0,1048576,894
/dev/shm/with_compression/parquet-10/lineitem.parquet,8,9,1,3,9869,1575044,0,4194304,0,1048576,885
/dev/shm/with_compression/parquet-10/lineitem.parquet,9,9,1,3,9869,1575044,0,4194304,0,1048576,884
/dev/shm/with_compression/parquet-10/lineitem.parquet,10,9,1,3,9869,1575044,0,4194304,0,1048576,884
/dev/shm/with_compression/parquet-10/lineitem.parquet,11,9,1,3,9869,1575044,0,4194304,0,1048576,885
/dev/shm/with_compression/parquet-10/lineitem.parquet,12,9,1,3,9870,1575044,0,4194304,0,1048576,884
/dev/shm/with_compression/parquet-10/lineitem.parquet,13,9,1,3,9869,1575044,0,4194304,0,1048576,887
/dev/shm/with_compression/parquet-10/lineitem.parquet,14,9,1,3,9869,1575044,0,4194304,0,1048576,886
/dev/shm/with_compression/parquet-10/lineitem.parquet,15,9,1,3,9869,1575044,0,4194304,0,1048576,885
/dev/shm/with_compression/parquet-10/lineitem.parquet,16,9,1,3,9869,1575044,0,4194304,0,1048576,886
/dev/shm/with_compression/parquet-10/lineitem.parquet,17,9,1,3,9868,1575044,0,4194304,0,1048576,885
/dev/shm/with_compression/parquet-10/lineitem.parquet,18,9,1,3,9871,1575044,0,4194304,0,1048576,886
/dev/shm/with_compression/parquet-10/lineitem.parquet,19,9,1,3,9871,1575044,0,4194304,0,1048576,886
/dev/shm/with_compression/parquet-10/lineitem.parquet,20,9,1,3,9871,1575044,0,4194304,0,1048576,885
/dev/shm/with_compression/parquet-10/lineitem.parquet,21,9,1,3,9869,1575044,0,4194304,0,1048576,886
/dev/shm/with_compression/parquet-10/lineitem.parquet,22,9,1,3,9869,1575044,0,4194304,0,1048576,888
/dev/shm/with_compression/parquet-10/lineitem.parquet,23,9,1,3,9869,1575044,0,4194304,0,1048576,889
/dev/shm/with_compression/parquet-10/lineitem.parquet,24,9,1,3,9869,1575044,0,4194304,0,1048576,908
/dev/shm/with_compression/parquet-10/lineitem.parquet,25,9,1,3,9870,1575044,0,4194304,0,1048576,901
/dev/shm/with_compression/parquet-10/lineitem.parquet,26,9,1,3,9869,1575044,0,4194304,0,1048576,898
/dev/shm/with_compression/parquet-10/lineitem.parquet,27,9,1,3,9869,1575044,0,4194304,0,1048576,903
/dev/shm/with_compression/parquet-10/lineitem.parquet,28,9,1,3,9869,1575044,0,4194304,0,1048576,902
/dev/shm/with_compression/parquet-10/lineitem.parquet,29,9,1,3,9869,1575044,0,4194304,0,1048576,902
/dev/shm/with_compression/parquet-10/lineitem.parquet,30,9,1,3,9870,1575044,0,4194304,0,1048576,901
/dev/shm/with_compression/parquet-10/lineitem.parquet,31,9,1,3,9869,1575044,0,4194304,0,1048576,898
/dev/shm/with_compression/parquet-10/lineitem.parquet,32,9,1,3,9870,1575044,0,4194304,0,1048576,897
/dev/shm/with_compression/parquet-10/lineitem.parquet,33,9,1,3,9869,1575046,0,4194304,0,1048576,897
/dev/shm/with_compression/parquet-10/lineitem.parquet,34,9,1,3,9869,1575044,0,4194304,0,1048576,901
/dev/shm/with_compression/parquet-10/lineitem.parquet,35,9,1,3,9869,1575044,0,4194304,0,1048576,900
/dev/shm/with_compression/parquet-10/lineitem.parquet,36,9,1,3,9871,1575044,0,4194304,0,1048576,896
/dev/shm/with_compression/parquet-10/lineitem.parquet,37,9,1,3,9869,1575044,0,4194304,0,1048576,891
/dev/shm/with_compression/parquet-10/lineitem.parquet,38,9,1,3,9870,1575044,0,4194304,0,1048576,895
/dev/shm/with_compression/parquet-10/lineitem.parquet,39,9,1,3,9869,1575044,0,4194304,0,1048576,889
/dev/shm/with_compression/parquet-10/lineitem.parquet,40,9,1,3,9869,1575044,0,4194304,0,1048576,890
/dev/shm/with_compression/parquet-10/lineitem.parquet,41,9,1,3,9869,1575044,0,4194304,0,1048576,894
/dev/shm/with_compression/parquet-10/lineitem.parquet,42,9,1,3,9869,1575044,0,4194304,0,1048576,891
/dev/shm/with_compression/parquet-10/lineitem.parquet,43,9,1,3,9869,1575044,0,4194304,0,1048576,889
/dev/shm/with_compression/parquet-10/lineitem.parquet,44,9,1,3,9869,1575044,0,4194304,0,1048576,887
/dev/shm/with_compression/parquet-10/lineitem.parquet,45,9,1,3,9869,1575044,0,4194304,0,1048576,884
/dev/shm/with_compression/parquet-10/lineitem.parquet,46,9,1,3,9869,1575044,0,4194304,0,1048576,892
/dev/shm/with_compression/parquet-10/lineitem.parquet,47,9,1,3,9869,1575044,0,4194304,0,1048576,884
/dev/shm/with_compression/parquet-10/lineitem.parquet,48,9,1,3,9869,1575046,0,4194304,0,1048576,886
/dev/shm/with_compression/parquet-10/lineitem.parquet,49,9,1,3,9869,1575044,0,4194304,0,1048576,886
/dev/shm/with_compression/parquet-10/lineitem.parquet,50,9,1,3,9869,1575044,0,4194304,0,1048576,883
/dev/shm/with_compression/parquet-10/lineitem.parquet,51,9,1,3,9871,1575044,0,4194304,0,1048576,887
/dev/shm/with_compression/parquet-10/lineitem.parquet,52,9,1,3,9869,1575044,0,4194304,0,1048576,891
/dev/shm/with_compression/parquet-10/lineitem.parquet,53,9,1,3,9869,1575044,0,4194304,0,1048576,889
/dev/shm/with_compression/parquet-10/lineitem.parquet,54,9,1,3,9869,1575044,0,4194304,0,1048576,886
/dev/shm/with_compression/parquet-10/lineitem.parquet,55,9,1,3,9869,1575044,0,4194304,0,1048576,893
/dev/shm/with_compression/parquet-10/lineitem.parquet,56,9,1,3,9871,1575044,0,4194304,0,1048576,887
/dev/shm/with_compression/parquet-10/lineitem.parquet,57,9,1,2,9867,326294,0,868880,0,217220,249
/dev/shm/with_compression/parquet-10/lineitem.parquet,0,10,1,3,10201,1575044,0,4194304,0,1048576,888
/dev/shm/with_compression/parquet-10/lineitem.parquet,1,10,1,3,10209,1575044,0,4194304,0,1048576,892
/dev/shm/with_compression/parquet-10/lineitem.parquet,2,10,1,3,10205,1575044,0,4194304,0,1048576,892
/dev/shm/with_compression/parquet-10/lineitem.parquet,3,10,1,3,10205,1575044,0,4194304,0,1048576,890
/dev/shm/with_compression/parquet-10/lineitem.parquet,4,10,1,3,10197,1575044,0,4194304,0,1048576,891
/dev/shm/with_compression/parquet-10/lineitem.parquet,5,10,1,3,10211,1575044,0,4194304,0,1048576,885
/dev/shm/with_compression/parquet-10/lineitem.parquet,6,10,1,3,10197,1575044,0,4194304,0,1048576,888
/dev/shm/with_compression/parquet-10/lineitem.parquet,7,10,1,3,10201,1575044,0,4194304,0,1048576,889
/dev/shm/with_compression/parquet-10/lineitem.parquet,8,10,1,3,10205,1575044,0,4194304,0,1048576,887
/dev/shm/with_compression/parquet-10/lineitem.parquet,9,10,1,3,10201,1575044,0,4194304,0,1048576,896
/dev/shm/with_compression/parquet-10/lineitem.parquet,10,10,1,3,10201,1575044,0,4194304,0,1048576,888
/dev/shm/with_compression/parquet-10/lineitem.parquet,11,10,1,3,10201,1575044,0,4194304,0,1048576,896
/dev/shm/with_compression/parquet-10/lineitem.parquet,12,10,1,3,10199,1575044,0,4194304,0,1048576,892
/dev/shm/with_compression/parquet-10/lineitem.parquet,13,10,1,3,10197,1575044,0,4194304,0,1048576,886
/dev/shm/with_compression/parquet-10/lineitem.parquet,14,10,1,3,10205,1575044,0,4194304,0,1048576,894
/dev/shm/with_compression/parquet-10/lineitem.parquet,15,10,1,3,10205,1575044,0,4194304,0,1048576,891
/dev/shm/with_compression/parquet-10/lineitem.parquet,16,10,1,3,10205,1575044,0,4194304,0,1048576,894
/dev/shm/with_compression/parquet-10/lineitem.parquet,17,10,1,3,10212,1575044,0,4194304,0,1048576,894
/dev/shm/with_compression/parquet-10/lineitem.parquet,18,10,1,3,10213,1575044,0,4194304,0,1048576,913
/dev/shm/with_compression/parquet-10/lineitem.parquet,19,10,1,3,10205,1575044,0,4194304,0,1048576,925
/dev/shm/with_compression/parquet-10/lineitem.parquet,20,10,1,3,10205,1575044,0,4194304,0,1048576,907
/dev/shm/with_compression/parquet-10/lineitem.parquet,21,10,1,3,10209,1575044,0,4194304,0,1048576,904
/dev/shm/with_compression/parquet-10/lineitem.parquet,22,10,1,3,10205,1575044,0,4194304,0,1048576,889
/dev/shm/with_compression/parquet-10/lineitem.parquet,23,10,1,3,10201,1575044,0,4194304,0,1048576,894
/dev/shm/with_compression/parquet-10/lineitem.parquet,24,10,1,3,10205,1575044,0,4194304,0,1048576,887
/dev/shm/with_compression/parquet-10/lineitem.parquet,25,10,1,3,10201,1575044,0,4194304,0,1048576,886
/dev/shm/with_compression/parquet-10/lineitem.parquet,26,10,1,3,10194,1575044,0,4194304,0,1048576,891
/dev/shm/with_compression/parquet-10/lineitem.parquet,27,10,1,3,10213,1575044,0,4194304,0,1048576,890
/dev/shm/with_compression/parquet-10/lineitem.parquet,28,10,1,3,10205,1575044,0,4194304,0,1048576,896
/dev/shm/with_compression/parquet-10/lineitem.parquet,29,10,1,3,10217,1575044,0,4194304,0,1048576,888
/dev/shm/with_compression/parquet-10/lineitem.parquet,30,10,1,3,10213,1575044,0,4194304,0,1048576,895
/dev/shm/with_compression/parquet-10/lineitem.parquet,31,10,1,3,10209,1575044,0,4194304,0,1048576,886
/dev/shm/with_compression/parquet-10/lineitem.parquet,32,10,1,3,10213,1575044,0,4194304,0,1048576,889
/dev/shm/with_compression/parquet-10/lineitem.parquet,33,10,1,3,10205,1575044,0,4194304,0,1048576,896
/dev/shm/with_compression/parquet-10/lineitem.parquet,34,10,1,3,10201,1575044,0,4194304,0,1048576,901
/dev/shm/with_compression/parquet-10/lineitem.parquet,35,10,1,3,10211,1575044,0,4194304,0,1048576,894
/dev/shm/with_compression/parquet-10/lineitem.parquet,36,10,1,3,10207,1575044,0,4194304,0,1048576,894
/dev/shm/with_compression/parquet-10/lineitem.parquet,37,10,1,3,10205,1575044,0,4194304,0,1048576,898
/dev/shm/with_compression/parquet-10/lineitem.parquet,38,10,1,3,10201,1575044,0,4194304,0,1048576,888
/dev/shm/with_compression/parquet-10/lineitem.parquet,39,10,1,3,10209,1575044,0,4194304,0,1048576,892
/dev/shm/with_compression/parquet-10/lineitem.parquet,40,10,1,3,10213,1575044,0,4194304,0,1048576,883
/dev/shm/with_compression/parquet-10/lineitem.parquet,41,10,1,3,10209,1575044,0,4194304,0,1048576,885
/dev/shm/with_compression/parquet-10/lineitem.parquet,42,10,1,3,10197,1575044,0,4194304,0,1048576,905
/dev/shm/with_compression/parquet-10/lineitem.parquet,43,10,1,3,10201,1575044,0,4194304,0,1048576,898
/dev/shm/with_compression/parquet-10/lineitem.parquet,44,10,1,3,10205,1575044,0,4194304,0,1048576,893
/dev/shm/with_compression/parquet-10/lineitem.parquet,45,10,1,3,10197,1575044,0,4194304,0,1048576,903
/dev/shm/with_compression/parquet-10/lineitem.parquet,46,10,1,3,10206,1575044,0,4194304,0,1048576,892
/dev/shm/with_compression/parquet-10/lineitem.parquet,47,10,1,3,10201,1575044,0,4194304,0,1048576,894
/dev/shm/with_compression/parquet-10/lineitem.parquet,48,10,1,3,10201,1575044,0,4194304,0,1048576,899
/dev/shm/with_compression/parquet-10/lineitem.parquet,49,10,1,3,10201,1575044,0,4194304,0,1048576,917
/dev/shm/with_compression/parquet-10/lineitem.parquet,50,10,1,3,10209,1575044,0,4194304,0,1048576,891
/dev/shm/with_compression/parquet-10/lineitem.parquet,51,10,1,3,10205,1575044,0,4194304,0,1048576,890
/dev/shm/with_compression/parquet-10/lineitem.parquet,52,10,1,3,10205,1575044,0,4194304,0,1048576,889
/dev/shm/with_compression/parquet-10/lineitem.parquet,53,10,1,3,10208,1575044,0,4194304,0,1048576,888
/dev/shm/with_compression/parquet-10/lineitem.parquet,54,10,1,3,10209,1575044,0,4194304,0,1048576,887
/dev/shm/with_compression/parquet-10/lineitem.parquet,55,10,1,3,10201,1575044,0,4194304,0,1048576,888
/dev/shm/with_compression/parquet-10/lineitem.parquet,56,10,1,3,10205,1575044,0,4194304,0,1048576,888
/dev/shm/with_compression/parquet-10/lineitem.parquet,57,10,1,2,10170,326294,0,868880,0,217220,253
/dev/shm/with_compression/parquet-10/nation.parquet,0,0,1,2,103,30,0,100,0,25,142
/dev/shm/with_compression/parquet-10/nation.parquet,0,1,1,2,22,22,0,100,0,25,84
/dev/shm/with_compression/parquet-10/part.parquet,0,0,1,9,4196606,278816,7340032,1048576,917504,131072,6291
/dev/shm/with_compression/parquet-10/part.parquet,1,0,1,9,3807769,278816,6562816,1048576,820352,131072,5623
/dev/shm/with_compression/parquet-10/part.parquet,0,1,1,2,204,788565,0,4194304,0,1048576,504
/dev/shm/with_compression/parquet-10/part.parquet,1,1,1,2,204,715501,0,3805696,0,951424,445
/dev/shm/with_compression/parquet-10/part.parquet,0,2,1,3,106677,1968282,0,8388608,0,1048576,1232
/dev/shm/with_compression/parquet-10/part.parquet,1,2,1,3,101441,1785922,0,7611392,0,951424,1133
/dev/shm/with_compression/parquet-10/partsupp.parquet,0,0,1,7,1444373,1112750,4194304,4194304,524288,524288,4168
/dev/shm/with_compression/parquet-10/partsupp.parquet,1,0,1,7,1444350,1112750,4194304,4194304,524288,524288,4108
/dev/shm/with_compression/parquet-10/partsupp.parquet,2,0,1,7,1444377,1112750,4194304,4194304,524288,524288,4133
/dev/shm/with_compression/parquet-10/partsupp.parquet,3,0,1,7,1444359,1112750,4194304,4194304,524288,524288,4105
/dev/shm/with_compression/parquet-10/partsupp.parquet,4,0,1,7,1444336,1112750,4194304,4194304,524288,524288,4127
/dev/shm/with_compression/parquet-10/partsupp.parquet,5,0,1,7,1444369,1112750,4194304,4194304,524288,524288,4130
/dev/shm/with_compression/parquet-10/partsupp.parquet,6,0,1,7,1444310,1112750,4194304,4194304,524288,524288,4137
/dev/shm/with_compression/parquet-10/partsupp.parquet,7,0,1,5,762598,1112750,1085440,4194304,135680,524288,2237
/dev/shm/with_compression/parquet-10/partsupp.parquet,0,1,1,4,400580,2230450,0,8388608,0,1048576,1827
/dev/shm/with_compression/parquet-10/partsupp.parquet,1,1,1,4,400854,2230450,0,8388608,0,1048576,1844
/dev/shm/with_compression/parquet-10/partsupp.parquet,2,1,1,4,400842,2230450,0,8388608,0,1048576,1822
/dev/shm/with_compression/parquet-10/partsupp.parquet,3,1,1,4,400636,2230450,0,8388608,0,1048576,1835
/dev/shm/with_compression/parquet-10/partsupp.parquet,4,1,1,4,400800,2230450,0,8388608,0,1048576,1849
/dev/shm/with_compression/parquet-10/partsupp.parquet,5,1,1,4,400624,2230450,0,8388608,0,1048576,1840
/dev/shm/with_compression/parquet-10/partsupp.parquet,6,1,1,4,400767,2230450,0,8388608,0,1048576,1873
/dev/shm/with_compression/parquet-10/partsupp.parquet,7,1,1,3,400790,1403836,0,5279744,0,659968,1429
/dev/shm/with_compression/parquet-10/partsupp.parquet,0,2,1,3,40083,1837201,0,8388608,0,1048576,1113
/dev/shm/with_compression/parquet-10/partsupp.parquet,1,2,1,3,40078,1837201,0,8388608,0,1048576,1106
/dev/shm/with_compression/parquet-10/partsupp.parquet,2,2,1,3,40081,1837201,0,8388608,0,1048576,1100
/dev/shm/with_compression/parquet-10/partsupp.parquet,3,2,1,3,40099,1837201,0,8388608,0,1048576,1086
/dev/shm/with_compression/parquet-10/partsupp.parquet,4,2,1,3,40074,1837201,0,8388608,0,1048576,1094
/dev/shm/with_compression/parquet-10/partsupp.parquet,5,2,1,3,40076,1837201,0,8388608,0,1048576,1088
/dev/shm/with_compression/parquet-10/partsupp.parquet,6,2,1,3,40062,1837201,0,8388608,0,1048576,1085
/dev/shm/with_compression/parquet-10/partsupp.parquet,7,2,1,3,40075,1156333,0,5279744,0,659968,728
/dev/shm/with_compression/parquet-10/partsupp.parquet,0,3,1,4,481777,2230450,0,8388608,0,1048576,1891
/dev/shm/with_compression/parquet-10/partsupp.parquet,1,3,1,4,481746,2230450,0,8388608,0,1048576,1889
/dev/shm/with_compression/parquet-10/partsupp.parquet,2,3,1,4,481628,2230450,0,8388608,0,1048576,1861
/dev/shm/with_compression/parquet-10/partsupp.parquet,3,3,1,4,481783,2230450,0,8388608,0,1048576,1857
/dev/shm/with_compression/parquet-10/partsupp.parquet,4,3,1,4,481928,2230450,0,8388608,0,1048576,1853
/dev/shm/with_compression/parquet-10/partsupp.parquet,5,3,1,4,481695,2230450,0,8388608,0,1048576,1839
/dev/shm/with_compression/parquet-10/partsupp.parquet,6,3,1,4,481619,2230450,0,8388608,0,1048576,1835
/dev/shm/with_compression/parquet-10/partsupp.parquet,7,3,1,3,481040,1403836,0,5279744,0,659968,1412
/dev/shm/with_compression/parquet-10/region.parquet,0,0,1,2,22,13,0,20,0,5,155
/dev/shm/with_compression/parquet-10/supplier.parquet,0,0,1,2,400250,212723,0,800000,0,100000,855
/dev/shm/with_compression/parquet-10/supplier.parquet,0,1,1,2,103,62714,0,400000,0,100000,120
/dev/shm/with_compression/parquet-10/supplier.parquet,0,2,1,2,535138,212723,0,800000,0,100000,793
/dev/shm/no_compression/parquet-1/customer.parquet,0,0,0,3,1200008,278798,151424,1048576,18928,131072,339
/dev/shm/no_compression/parquet-1/customer.parquet,0,1,0,2,100,94057,0,600000,0,150000,136
/dev/shm/no_compression/parquet-1/customer.parquet,0,2,0,3,1130784,315936,77696,1122304,9712,140288,258
/dev/shm/no_compression/parquet-1/lineitem.parquet,0,0,0,7,5235584,1124773,4186112,4202496,523264,525312,868
/dev/shm/no_compression/parquet-1/lineitem.parquet,1,0,0,7,5243752,1122467,4194304,4194304,524288,524288,825
/dev/shm/no_compression/parquet-1/lineitem.parquet,2,0,0,7,5244736,1122467,4194304,4194304,524288,524288,812
/dev/shm/no_compression/parquet-1/lineitem.parquet,3,0,0,7,5227848,1127079,4177920,4210688,522240,526336,810
/dev/shm/no_compression/parquet-1/lineitem.parquet,4,0,0,7,5235304,1124773,4186112,4202496,523264,525312,809
/dev/shm/no_compression/parquet-1/lineitem.parquet,5,0,0,5,2921232,1122467,1872376,4194304,234047,524288,633
/dev/shm/no_compression/parquet-1/lineitem.parquet,0,1,0,9,7726320,481970,6676480,1712128,834560,214016,860
/dev/shm/no_compression/parquet-1/lineitem.parquet,1,1,0,9,7726320,481970,6676480,1712128,834560,214016,863
/dev/shm/no_compression/parquet-1/lineitem.parquet,2,1,0,9,7727680,481970,6676480,1712128,834560,214016,855
/dev/shm/no_compression/parquet-1/lineitem.parquet,3,1,0,9,7734368,479664,6684672,1703936,835584,212992,860
/dev/shm/no_compression/parquet-1/lineitem.parquet,4,1,0,9,7734152,479664,6684672,1703936,835584,212992,862
/dev/shm/no_compression/parquet-1/lineitem.parquet,5,1,0,7,5405896,481970,4354552,1712128,544319,214016,679
/dev/shm/no_compression/parquet-1/lineitem.parquet,0,2,0,3,80000,1837108,0,8388608,0,1048576,878
/dev/shm/no_compression/parquet-1/lineitem.parquet,1,2,0,3,80000,1837108,0,8388608,0,1048576,882
/dev/shm/no_compression/parquet-1/lineitem.parquet,2,2,0,3,80000,1837108,0,8388608,0,1048576,911
/dev/shm/no_compression/parquet-1/lineitem.parquet,3,2,0,3,80000,1837108,0,8388608,0,1048576,881
/dev/shm/no_compression/parquet-1/lineitem.parquet,4,2,0,3,80000,1837108,0,8388608,0,1048576,881
/dev/shm/no_compression/parquet-1/lineitem.parquet,5,2,0,3,80000,1328612,0,6066680,0,758335,671
/dev/shm/no_compression/parquet-1/lineitem.parquet,0,3,0,2,56,395307,0,8388608,0,1048576,703
/dev/shm/no_compression/parquet-1/lineitem.parquet,1,3,0,2,56,395307,0,8388608,0,1048576,698
/dev/shm/no_compression/parquet-1/lineitem.parquet,2,3,0,2,56,395307,0,8388608,0,1048576,706
/dev/shm/no_compression/parquet-1/lineitem.parquet,3,3,0,2,56,395307,0,8388608,0,1048576,701
/dev/shm/no_compression/parquet-1/lineitem.parquet,4,3,0,2,56,395307,0,8388608,0,1048576,713
/dev/shm/no_compression/parquet-1/lineitem.parquet,5,3,0,2,56,285890,0,6066680,0,758335,544
/dev/shm/no_compression/parquet-1/lineitem.parquet,0,4,0,2,400,788523,0,8388608,0,1048576,848
/dev/shm/no_compression/parquet-1/lineitem.parquet,1,4,0,2,400,788523,0,8388608,0,1048576,839
/dev/shm/no_compression/parquet-1/lineitem.parquet,2,4,0,2,400,788523,0,8388608,0,1048576,847
/dev/shm/no_compression/parquet-1/lineitem.parquet,3,4,0,2,400,788523,0,8388608,0,1048576,847
/dev/shm/no_compression/parquet-1/lineitem.parquet,4,4,0,2,400,788523,0,8388608,0,1048576,847
/dev/shm/no_compression/parquet-1/lineitem.parquet,5,4,0,2,400,570266,0,6066680,0,758335,651
/dev/shm/no_compression/parquet-1/lineitem.parquet,0,5,0,9,8297296,322854,7241728,1146880,905216,143360,867
/dev/shm/no_compression/parquet-1/lineitem.parquet,1,5,0,9,8296992,322854,7241728,1146880,905216,143360,866
/dev/shm/no_compression/parquet-1/lineitem.parquet,2,5,0,9,8296656,322854,7241728,1146880,905216,143360,852
/dev/shm/no_compression/parquet-1/lineitem.parquet,3,5,0,9,8296080,322854,7241728,1146880,905216,143360,846
/dev/shm/no_compression/parquet-1/lineitem.parquet,4,5,0,9,8296560,322854,7241728,1146880,905216,143360,845
/dev/shm/no_compression/parquet-1/lineitem.parquet,5,5,0,7,5975184,322854,4919800,1146880,614975,143360,657
/dev/shm/no_compression/parquet-1/lineitem.parquet,0,6,0,2,88,526379,0,8388608,0,1048576,801
/dev/shm/no_compression/parquet-1/lineitem.parquet,1,6,0,2,88,526379,0,8388608,0,1048576,799
/dev/shm/no_compression/parquet-1/lineitem.parquet,2,6,0,2,88,526379,0,8388608,0,1048576,801
/dev/shm/no_compression/parquet-1/lineitem.parquet,3,6,0,2,88,526379,0,8388608,0,1048576,795
/dev/shm/no_compression/parquet-1/lineitem.parquet,4,6,0,2,88,526379,0,8388608,0,1048576,797
/dev/shm/no_compression/parquet-1/lineitem.parquet,5,6,0,2,88,380682,0,6066680,0,758335,610
/dev/shm/no_compression/parquet-1/lineitem.parquet,0,7,0,2,72,526379,0,8388608,0,1048576,819
/dev/shm/no_compression/parquet-1/lineitem.parquet,1,7,0,2,72,526379,0,8388608,0,1048576,811
/dev/shm/no_compression/parquet-1/lineitem.parquet,2,7,0,2,72,526379,0,8388608,0,1048576,809
/dev/shm/no_compression/parquet-1/lineitem.parquet,3,7,0,2,72,526379,0,8388608,0,1048576,806
/dev/shm/no_compression/parquet-1/lineitem.parquet,4,7,0,2,72,526379,0,8388608,0,1048576,806
/dev/shm/no_compression/parquet-1/lineitem.parquet,5,7,0,2,72,380682,0,6066680,0,758335,609
/dev/shm/no_compression/parquet-1/lineitem.parquet,0,8,0,3,10104,1574963,0,4194304,0,1048576,498
/dev/shm/no_compression/parquet-1/lineitem.parquet,1,8,0,3,10104,1574963,0,4194304,0,1048576,496
/dev/shm/no_compression/parquet-1/lineitem.parquet,2,8,0,3,10104,1574963,0,4194304,0,1048576,506
/dev/shm/no_compression/parquet-1/lineitem.parquet,3,8,0,3,10104,1574963,0,4194304,0,1048576,495
/dev/shm/no_compression/parquet-1/lineitem.parquet,4,8,0,3,10104,1574963,0,4194304,0,1048576,486
/dev/shm/no_compression/parquet-1/lineitem.parquet,5,8,0,3,10104,1139027,0,3033340,0,758335,375
/dev/shm/no_compression/parquet-1/lineitem.parquet,0,9,0,3,9864,1574963,0,4194304,0,1048576,483
/dev/shm/no_compression/parquet-1/lineitem.parquet,1,9,0,3,9864,1574963,0,4194304,0,1048576,483
/dev/shm/no_compression/parquet-1/lineitem.parquet,2,9,0,3,9864,1574963,0,4194304,0,1048576,481
/dev/shm/no_compression/parquet-1/lineitem.parquet,3,9,0,3,9864,1574963,0,4194304,0,1048576,479
/dev/shm/no_compression/parquet-1/lineitem.parquet,4,9,0,3,9864,1574963,0,4194304,0,1048576,477
/dev/shm/no_compression/parquet-1/lineitem.parquet,5,9,0,3,9864,1139027,0,3033340,0,758335,366
/dev/shm/no_compression/parquet-1/lineitem.parquet,0,10,0,3,10196,1574963,0,4194304,0,1048576,482
/dev/shm/no_compression/parquet-1/lineitem.parquet,1,10,0,3,10204,1574963,0,4194304,0,1048576,484
/dev/shm/no_compression/parquet-1/lineitem.parquet,2,10,0,3,10200,1574963,0,4194304,0,1048576,480
/dev/shm/no_compression/parquet-1/lineitem.parquet,3,10,0,3,10200,1574963,0,4194304,0,1048576,483
/dev/shm/no_compression/parquet-1/lineitem.parquet,4,10,0,3,10192,1574963,0,4194304,0,1048576,483
/dev/shm/no_compression/parquet-1/lineitem.parquet,5,10,0,3,10200,1139027,0,3033340,0,758335,367
/dev/shm/no_compression/parquet-1/nation.parquet,0,0,0,2,100,28,0,100,0,25,119
/dev/shm/no_compression/parquet-1/nation.parquet,0,1,0,2,20,20,0,100,0,25,75
/dev/shm/no_compression/parquet-1/part.parquet,0,0,0,3,1600008,278798,551424,1048576,68928,131072,340
/dev/shm/no_compression/parquet-1/part.parquet,0,1,0,2,200,150406,0,800000,0,200000,156
/dev/shm/no_compression/parquet-1/part.parquet,0,2,0,2,167192,375406,0,1600000,0,200000,231
/dev/shm/no_compression/parquet-1/partsupp.parquet,0,0,0,6,3254296,1115171,2205696,4194304,275712,524288,717
/dev/shm/no_compression/parquet-1/partsupp.parquet,0,1,0,3,80000,1401606,0,6400000,0,800000,564
/dev/shm/no_compression/parquet-1/partsupp.parquet,0,2,0,3,79992,1401606,0,6400000,0,800000,691
/dev/shm/no_compression/parquet-1/partsupp.parquet,0,3,0,3,798920,1701606,0,6400000,0,800000,742
/dev/shm/no_compression/parquet-1/region.parquet,0,0,0,2,20,11,0,20,0,5,126
/dev/shm/no_compression/parquet-1/supplier.parquet,0,0,0,2,80000,17529,0,80000,0,10000,137
/dev/shm/no_compression/parquet-1/supplier.parquet,0,1,0,2,100,6279,0,40000,0,10000,82
/dev/shm/no_compression/parquet-1/supplier.parquet,0,2,0,2,79640,17529,0,80000,0,10000,90
/dev/shm/no_compression/parquet-3/customer.parquet,0,0,0,5,3600024,278798,2551424,1048576,318928,131072,509
/dev/shm/no_compression/parquet-3/customer.parquet,0,1,0,2,100,282152,0,1800000,0,450000,242
/dev/shm/no_compression/parquet-3/customer.parquet,0,2,0,5,3530800,315936,2477696,1122304,309712,140288,456
/dev/shm/no_compression/parquet-3/lineitem.parquet,0,0,0,7,5235584,1124773,4186112,4202496,523264,525312,886
/dev/shm/no_compression/parquet-3/lineitem.parquet,1,0,0,7,5243752,1122467,4194304,4194304,524288,524288,811
/dev/shm/no_compression/parquet-3/lineitem.parquet,2,0,0,7,5244736,1122467,4194304,4194304,524288,524288,807
/dev/shm/no_compression/parquet-3/lineitem.parquet,3,0,0,7,5227848,1127079,4177920,4210688,522240,526336,807
/dev/shm/no_compression/parquet-3/lineitem.parquet,4,0,0,7,5235304,1124773,4186112,4202496,523264,525312,821
/dev/shm/no_compression/parquet-3/lineitem.parquet,5,0,0,7,5243176,1122467,4194304,4194304,524288,524288,808
/dev/shm/no_compression/parquet-3/lineitem.parquet,6,0,0,8,5251863,1120161,4202496,4186112,525312,523264,800
/dev/shm/no_compression/parquet-3/lineitem.parquet,7,0,0,7,5235632,1124773,4186112,4202496,523264,525312,800
/dev/shm/no_compression/parquet-3/lineitem.parquet,8,0,0,7,5236680,1124773,4186112,4202496,523264,525312,803
/dev/shm/no_compression/parquet-3/lineitem.parquet,9,0,0,7,5244264,1122467,4194304,4194304,524288,524288,807
/dev/shm/no_compression/parquet-3/lineitem.parquet,10,0,0,8,5251175,1120161,4202496,4186112,525312,523264,813
/dev/shm/no_compression/parquet-3/lineitem.parquet,11,0,0,7,5242928,1122467,4194304,4194304,524288,524288,807
/dev/shm/no_compression/parquet-3/lineitem.parquet,12,0,0,7,5235920,1124773,4186112,4202496,523264,525312,806
/dev/shm/no_compression/parquet-3/lineitem.parquet,13,0,0,7,5236456,1124773,4186112,4202496,523264,525312,813
/dev/shm/no_compression/parquet-3/lineitem.parquet,14,0,0,7,5244064,1122467,4194304,4194304,524288,524288,803
/dev/shm/no_compression/parquet-3/lineitem.parquet,15,0,0,7,5235568,1124773,4186112,4202496,523264,525312,796
/dev/shm/no_compression/parquet-3/lineitem.parquet,16,0,0,7,5236176,1124773,4186112,4202496,523264,525312,812
/dev/shm/no_compression/parquet-3/lineitem.parquet,17,0,0,2,340672,341996,0,1366536,0,170817,211
/dev/shm/no_compression/parquet-3/lineitem.parquet,0,1,0,9,8252504,334384,7200768,1187840,900096,148480,843
/dev/shm/no_compression/parquet-3/lineitem.parquet,1,1,0,9,8253280,334384,7200768,1187840,900096,148480,847
/dev/shm/no_compression/parquet-3/lineitem.parquet,2,1,0,9,8252248,334384,7200768,1187840,900096,148480,861
/dev/shm/no_compression/parquet-3/lineitem.parquet,3,1,0,9,8253304,334384,7200768,1187840,900096,148480,855
/dev/shm/no_compression/parquet-3/lineitem.parquet,4,1,0,9,8253072,334384,7200768,1187840,900096,148480,850
/dev/shm/no_compression/parquet-3/lineitem.parquet,5,1,0,9,8250888,334384,7200768,1187840,900096,148480,844
/dev/shm/no_compression/parquet-3/lineitem.parquet,6,1,0,9,8253048,334384,7200768,1187840,900096,148480,876
/dev/shm/no_compression/parquet-3/lineitem.parquet,7,1,0,9,8253216,334384,7200768,1187840,900096,148480,877
/dev/shm/no_compression/parquet-3/lineitem.parquet,8,1,0,9,8253040,334384,7200768,1187840,900096,148480,873
/dev/shm/no_compression/parquet-3/lineitem.parquet,9,1,0,9,8252984,334384,7200768,1187840,900096,148480,873
/dev/shm/no_compression/parquet-3/lineitem.parquet,10,1,0,9,8255496,334384,7200768,1187840,900096,148480,848
/dev/shm/no_compression/parquet-3/lineitem.parquet,11,1,0,9,8252056,334384,7200768,1187840,900096,148480,842
/dev/shm/no_compression/parquet-3/lineitem.parquet,12,1,0,9,8251888,334384,7200768,1187840,900096,148480,841
/dev/shm/no_compression/parquet-3/lineitem.parquet,13,1,0,9,8251880,334384,7200768,1187840,900096,148480,846
/dev/shm/no_compression/parquet-3/lineitem.parquet,14,1,0,9,8254472,334384,7200768,1187840,900096,148480,849
/dev/shm/no_compression/parquet-3/lineitem.parquet,15,1,0,9,8251960,334384,7200768,1187840,900096,148480,844
/dev/shm/no_compression/parquet-3/lineitem.parquet,16,1,0,9,8255184,334384,7200768,1187840,900096,148480,848
/dev/shm/no_compression/parquet-3/lineitem.parquet,17,1,0,3,1231480,334384,178696,1187840,22337,148480,286
/dev/shm/no_compression/parquet-3/lineitem.parquet,0,2,0,3,240000,1968180,0,8388608,0,1048576,889
/dev/shm/no_compression/parquet-3/lineitem.parquet,1,2,0,3,240000,1968180,0,8388608,0,1048576,875
/dev/shm/no_compression/parquet-3/lineitem.parquet,2,2,0,3,240000,1968180,0,8388608,0,1048576,898
/dev/shm/no_compression/parquet-3/lineitem.parquet,3,2,0,3,240000,1968180,0,8388608,0,1048576,898
/dev/shm/no_compression/parquet-3/lineitem.parquet,4,2,0,3,240000,1968180,0,8388608,0,1048576,885
/dev/shm/no_compression/parquet-3/lineitem.parquet,5,2,0,3,240000,1968180,0,8388608,0,1048576,889
/dev/shm/no_compression/parquet-3/lineitem.parquet,6,2,0,3,240000,1968180,0,8388608,0,1048576,883
/dev/shm/no_compression/parquet-3/lineitem.parquet,7,2,0,3,240000,1968180,0,8388608,0,1048576,886
/dev/shm/no_compression/parquet-3/lineitem.parquet,8,2,0,3,240000,1968180,0,8388608,0,1048576,888
/dev/shm/no_compression/parquet-3/lineitem.parquet,9,2,0,3,240000,1968180,0,8388608,0,1048576,886
/dev/shm/no_compression/parquet-3/lineitem.parquet,10,2,0,3,240000,1968180,0,8388608,0,1048576,888
/dev/shm/no_compression/parquet-3/lineitem.parquet,11,2,0,3,240000,1968180,0,8388608,0,1048576,884
/dev/shm/no_compression/parquet-3/lineitem.parquet,12,2,0,3,240000,1968180,0,8388608,0,1048576,885
/dev/shm/no_compression/parquet-3/lineitem.parquet,13,2,0,3,240000,1968180,0,8388608,0,1048576,887
/dev/shm/no_compression/parquet-3/lineitem.parquet,14,2,0,3,240000,1968180,0,8388608,0,1048576,897
/dev/shm/no_compression/parquet-3/lineitem.parquet,15,2,0,3,240000,1968180,0,8388608,0,1048576,897
/dev/shm/no_compression/parquet-3/lineitem.parquet,16,2,0,3,240000,1968180,0,8388608,0,1048576,896
/dev/shm/no_compression/parquet-3/lineitem.parquet,17,2,0,2,239264,320643,0,1366536,0,170817,233
/dev/shm/no_compression/parquet-3/lineitem.parquet,0,3,0,2,56,395307,0,8388608,0,1048576,698
/dev/shm/no_compression/parquet-3/lineitem.parquet,1,3,0,2,56,395307,0,8388608,0,1048576,700
/dev/shm/no_compression/parquet-3/lineitem.parquet,2,3,0,2,56,395307,0,8388608,0,1048576,697
/dev/shm/no_compression/parquet-3/lineitem.parquet,3,3,0,2,56,395307,0,8388608,0,1048576,697
/dev/shm/no_compression/parquet-3/lineitem.parquet,4,3,0,2,56,395307,0,8388608,0,1048576,696
/dev/shm/no_compression/parquet-3/lineitem.parquet,5,3,0,2,56,395307,0,8388608,0,1048576,701
/dev/shm/no_compression/parquet-3/lineitem.parquet,6,3,0,2,56,395307,0,8388608,0,1048576,696
/dev/shm/no_compression/parquet-3/lineitem.parquet,7,3,0,2,56,395307,0,8388608,0,1048576,704
/dev/shm/no_compression/parquet-3/lineitem.parquet,8,3,0,2,56,395307,0,8388608,0,1048576,690
/dev/shm/no_compression/parquet-3/lineitem.parquet,9,3,0,2,56,395307,0,8388608,0,1048576,702
/dev/shm/no_compression/parquet-3/lineitem.parquet,10,3,0,2,56,395307,0,8388608,0,1048576,697
/dev/shm/no_compression/parquet-3/lineitem.parquet,11,3,0,2,56,395307,0,8388608,0,1048576,713
/dev/shm/no_compression/parquet-3/lineitem.parquet,12,3,0,2,56,395307,0,8388608,0,1048576,702
/dev/shm/no_compression/parquet-3/lineitem.parquet,13,3,0,2,56,395307,0,8388608,0,1048576,689
/dev/shm/no_compression/parquet-3/lineitem.parquet,14,3,0,2,56,395307,0,8388608,0,1048576,692
/dev/shm/no_compression/parquet-3/lineitem.parquet,15,3,0,2,56,395307,0,8388608,0,1048576,689
/dev/shm/no_compression/parquet-3/lineitem.parquet,16,3,0,2,56,395307,0,8388608,0,1048576,700
/dev/shm/no_compression/parquet-3/lineitem.parquet,17,3,0,2,56,64407,0,1366536,0,170817,182
/dev/shm/no_compression/parquet-3/lineitem.parquet,0,4,0,2,400,788523,0,8388608,0,1048576,827
/dev/shm/no_compression/parquet-3/lineitem.parquet,1,4,0,2,400,788523,0,8388608,0,1048576,828
/dev/shm/no_compression/parquet-3/lineitem.parquet,2,4,0,2,400,788523,0,8388608,0,1048576,838
/dev/shm/no_compression/parquet-3/lineitem.parquet,3,4,0,2,400,788523,0,8388608,0,1048576,833
/dev/shm/no_compression/parquet-3/lineitem.parquet,4,4,0,2,400,788523,0,8388608,0,1048576,829
/dev/shm/no_compression/parquet-3/lineitem.parquet,5,4,0,2,400,788523,0,8388608,0,1048576,834
/dev/shm/no_compression/parquet-3/lineitem.parquet,6,4,0,2,400,788523,0,8388608,0,1048576,832
/dev/shm/no_compression/parquet-3/lineitem.parquet,7,4,0,2,400,788523,0,8388608,0,1048576,842
/dev/shm/no_compression/parquet-3/lineitem.parquet,8,4,0,2,400,788523,0,8388608,0,1048576,832
/dev/shm/no_compression/parquet-3/lineitem.parquet,9,4,0,2,400,788523,0,8388608,0,1048576,836
/dev/shm/no_compression/parquet-3/lineitem.parquet,10,4,0,2,400,788523,0,8388608,0,1048576,833
/dev/shm/no_compression/parquet-3/lineitem.parquet,11,4,0,2,400,788523,0,8388608,0,1048576,833
/dev/shm/no_compression/parquet-3/lineitem.parquet,12,4,0,2,400,788523,0,8388608,0,1048576,832
/dev/shm/no_compression/parquet-3/lineitem.parquet,13,4,0,2,400,788523,0,8388608,0,1048576,833
/dev/shm/no_compression/parquet-3/lineitem.parquet,14,4,0,2,400,788523,0,8388608,0,1048576,832
/dev/shm/no_compression/parquet-3/lineitem.parquet,15,4,0,2,400,788523,0,8388608,0,1048576,829
/dev/shm/no_compression/parquet-3/lineitem.parquet,16,4,0,2,400,788523,0,8388608,0,1048576,830
/dev/shm/no_compression/parquet-3/lineitem.parquet,17,4,0,2,400,128466,0,1366536,0,170817,207
/dev/shm/no_compression/parquet-3/lineitem.parquet,0,5,0,9,8301248,320548,7249920,1138688,906240,142336,857
/dev/shm/no_compression/parquet-3/lineitem.parquet,1,5,0,9,8301328,320548,7249920,1138688,906240,142336,848
/dev/shm/no_compression/parquet-3/lineitem.parquet,2,5,0,9,8300832,320548,7249920,1138688,906240,142336,842
/dev/shm/no_compression/parquet-3/lineitem.parquet,3,5,0,9,8299880,320548,7249920,1138688,906240,142336,846
/dev/shm/no_compression/parquet-3/lineitem.parquet,4,5,0,9,8299488,320548,7249920,1138688,906240,142336,849
/dev/shm/no_compression/parquet-3/lineitem.parquet,5,5,0,9,8301560,320548,7249920,1138688,906240,142336,853
/dev/shm/no_compression/parquet-3/lineitem.parquet,6,5,0,9,8301248,320548,7249920,1138688,906240,142336,842
/dev/shm/no_compression/parquet-3/lineitem.parquet,7,5,0,9,8300496,320548,7249920,1138688,906240,142336,847
/dev/shm/no_compression/parquet-3/lineitem.parquet,8,5,0,9,8301144,320548,7249920,1138688,906240,142336,843
/dev/shm/no_compression/parquet-3/lineitem.parquet,9,5,0,9,8300128,320548,7249920,1138688,906240,142336,850
/dev/shm/no_compression/parquet-3/lineitem.parquet,10,5,0,9,8300424,320548,7249920,1138688,906240,142336,839
/dev/shm/no_compression/parquet-3/lineitem.parquet,11,5,0,9,8301224,320548,7249920,1138688,906240,142336,835
/dev/shm/no_compression/parquet-3/lineitem.parquet,12,5,0,9,8301280,320548,7249920,1138688,906240,142336,843
/dev/shm/no_compression/parquet-3/lineitem.parquet,13,5,0,9,8301008,320548,7249920,1138688,906240,142336,846
/dev/shm/no_compression/parquet-3/lineitem.parquet,14,5,0,9,8300272,320548,7249920,1138688,906240,142336,843
/dev/shm/no_compression/parquet-3/lineitem.parquet,15,5,0,9,8301368,320548,7249920,1138688,906240,142336,845
/dev/shm/no_compression/parquet-3/lineitem.parquet,16,5,0,9,8301040,320548,7249920,1138688,906240,142336,847
/dev/shm/no_compression/parquet-3/lineitem.parquet,17,5,0,3,1278336,320548,227848,1138688,28481,142336,274
/dev/shm/no_compression/parquet-3/lineitem.parquet,0,6,0,2,88,526379,0,8388608,0,1048576,799
/dev/shm/no_compression/parquet-3/lineitem.parquet,1,6,0,2,88,526379,0,8388608,0,1048576,795
/dev/shm/no_compression/parquet-3/lineitem.parquet,2,6,0,2,88,526379,0,8388608,0,1048576,804
/dev/shm/no_compression/parquet-3/lineitem.parquet,3,6,0,2,88,526379,0,8388608,0,1048576,799
/dev/shm/no_compression/parquet-3/lineitem.parquet,4,6,0,2,88,526379,0,8388608,0,1048576,801
/dev/shm/no_compression/parquet-3/lineitem.parquet,5,6,0,2,88,526379,0,8388608,0,1048576,795
/dev/shm/no_compression/parquet-3/lineitem.parquet,6,6,0,2,88,526379,0,8388608,0,1048576,800
/dev/shm/no_compression/parquet-3/lineitem.parquet,7,6,0,2,88,526379,0,8388608,0,1048576,800
/dev/shm/no_compression/parquet-3/lineitem.parquet,8,6,0,2,88,526379,0,8388608,0,1048576,796
/dev/shm/no_compression/parquet-3/lineitem.parquet,9,6,0,2,88,526379,0,8388608,0,1048576,797
/dev/shm/no_compression/parquet-3/lineitem.parquet,10,6,0,2,88,526379,0,8388608,0,1048576,804
/dev/shm/no_compression/parquet-3/lineitem.parquet,11,6,0,2,88,526379,0,8388608,0,1048576,796
/dev/shm/no_compression/parquet-3/lineitem.parquet,12,6,0,2,88,526379,0,8388608,0,1048576,797
/dev/shm/no_compression/parquet-3/lineitem.parquet,13,6,0,2,88,526379,0,8388608,0,1048576,803
/dev/shm/no_compression/parquet-3/lineitem.parquet,14,6,0,2,88,526379,0,8388608,0,1048576,797
/dev/shm/no_compression/parquet-3/lineitem.parquet,15,6,0,2,88,526379,0,8388608,0,1048576,798
/dev/shm/no_compression/parquet-3/lineitem.parquet,16,6,0,2,88,526379,0,8388608,0,1048576,799
/dev/shm/no_compression/parquet-3/lineitem.parquet,17,6,0,2,88,85760,0,1366536,0,170817,199
/dev/shm/no_compression/parquet-3/lineitem.parquet,0,7,0,2,72,526379,0,8388608,0,1048576,803
/dev/shm/no_compression/parquet-3/lineitem.parquet,1,7,0,2,72,526379,0,8388608,0,1048576,819
/dev/shm/no_compression/parquet-3/lineitem.parquet,2,7,0,2,72,526379,0,8388608,0,1048576,810
/dev/shm/no_compression/parquet-3/lineitem.parquet,3,7,0,2,72,526379,0,8388608,0,1048576,799
/dev/shm/no_compression/parquet-3/lineitem.parquet,4,7,0,2,72,526379,0,8388608,0,1048576,801
/dev/shm/no_compression/parquet-3/lineitem.parquet,5,7,0,2,72,526379,0,8388608,0,1048576,800
/dev/shm/no_compression/parquet-3/lineitem.parquet,6,7,0,2,72,526379,0,8388608,0,1048576,799
/dev/shm/no_compression/parquet-3/lineitem.parquet,7,7,0,2,72,526379,0,8388608,0,1048576,809
/dev/shm/no_compression/parquet-3/lineitem.parquet,8,7,0,2,72,526379,0,8388608,0,1048576,807
/dev/shm/no_compression/parquet-3/lineitem.parquet,9,7,0,2,72,526379,0,8388608,0,1048576,809
/dev/shm/no_compression/parquet-3/lineitem.parquet,10,7,0,2,72,526379,0,8388608,0,1048576,806
/dev/shm/no_compression/parquet-3/lineitem.parquet,11,7,0,2,72,526379,0,8388608,0,1048576,804
/dev/shm/no_compression/parquet-3/lineitem.parquet,12,7,0,2,72,526379,0,8388608,0,1048576,815
/dev/shm/no_compression/parquet-3/lineitem.parquet,13,7,0,2,72,526379,0,8388608,0,1048576,817
/dev/shm/no_compression/parquet-3/lineitem.parquet,14,7,0,2,72,526379,0,8388608,0,1048576,803
/dev/shm/no_compression/parquet-3/lineitem.parquet,15,7,0,2,72,526379,0,8388608,0,1048576,812
/dev/shm/no_compression/parquet-3/lineitem.parquet,16,7,0,2,72,526379,0,8388608,0,1048576,804
/dev/shm/no_compression/parquet-3/lineitem.parquet,17,7,0,2,72,85760,0,1366536,0,170817,200
/dev/shm/no_compression/parquet-3/lineitem.parquet,0,8,0,3,10104,1574963,0,4194304,0,1048576,496
/dev/shm/no_compression/parquet-3/lineitem.parquet,1,8,0,3,10104,1574963,0,4194304,0,1048576,495
/dev/shm/no_compression/parquet-3/lineitem.parquet,2,8,0,3,10104,1574963,0,4194304,0,1048576,504
/dev/shm/no_compression/parquet-3/lineitem.parquet,3,8,0,3,10104,1574963,0,4194304,0,1048576,489
/dev/shm/no_compression/parquet-3/lineitem.parquet,4,8,0,3,10104,1574963,0,4194304,0,1048576,484
/dev/shm/no_compression/parquet-3/lineitem.parquet,5,8,0,3,10104,1574963,0,4194304,0,1048576,476
/dev/shm/no_compression/parquet-3/lineitem.parquet,6,8,0,3,10104,1574963,0,4194304,0,1048576,479
/dev/shm/no_compression/parquet-3/lineitem.parquet,7,8,0,3,10104,1574963,0,4194304,0,1048576,489
/dev/shm/no_compression/parquet-3/lineitem.parquet,8,8,0,3,10104,1574963,0,4194304,0,1048576,478
/dev/shm/no_compression/parquet-3/lineitem.parquet,9,8,0,3,10104,1574963,0,4194304,0,1048576,482
/dev/shm/no_compression/parquet-3/lineitem.parquet,10,8,0,3,10104,1574963,0,4194304,0,1048576,494
/dev/shm/no_compression/parquet-3/lineitem.parquet,11,8,0,3,10104,1574963,0,4194304,0,1048576,496
/dev/shm/no_compression/parquet-3/lineitem.parquet,12,8,0,3,10104,1574963,0,4194304,0,1048576,496
/dev/shm/no_compression/parquet-3/lineitem.parquet,13,8,0,3,10104,1574963,0,4194304,0,1048576,488
/dev/shm/no_compression/parquet-3/lineitem.parquet,14,8,0,3,10104,1574963,0,4194304,0,1048576,487
/dev/shm/no_compression/parquet-3/lineitem.parquet,15,8,0,3,10100,1574963,0,4194304,0,1048576,485
/dev/shm/no_compression/parquet-3/lineitem.parquet,16,8,0,3,10104,1574963,0,4194304,0,1048576,489
/dev/shm/no_compression/parquet-3/lineitem.parquet,17,8,0,2,10100,256584,0,683268,0,170817,148
/dev/shm/no_compression/parquet-3/lineitem.parquet,0,9,0,3,9864,1574963,0,4194304,0,1048576,492
/dev/shm/no_compression/parquet-3/lineitem.parquet,1,9,0,3,9864,1574963,0,4194304,0,1048576,490
/dev/shm/no_compression/parquet-3/lineitem.parquet,2,9,0,3,9864,1574963,0,4194304,0,1048576,482
/dev/shm/no_compression/parquet-3/lineitem.parquet,3,9,0,3,9864,1574963,0,4194304,0,1048576,484
/dev/shm/no_compression/parquet-3/lineitem.parquet,4,9,0,3,9864,1574963,0,4194304,0,1048576,489
/dev/shm/no_compression/parquet-3/lineitem.parquet,5,9,0,3,9864,1574963,0,4194304,0,1048576,492
/dev/shm/no_compression/parquet-3/lineitem.parquet,6,9,0,3,9864,1574963,0,4194304,0,1048576,498
/dev/shm/no_compression/parquet-3/lineitem.parquet,7,9,0,3,9864,1574963,0,4194304,0,1048576,480
/dev/shm/no_compression/parquet-3/lineitem.parquet,8,9,0,3,9864,1574963,0,4194304,0,1048576,495
/dev/shm/no_compression/parquet-3/lineitem.parquet,9,9,0,3,9864,1574963,0,4194304,0,1048576,485
/dev/shm/no_compression/parquet-3/lineitem.parquet,10,9,0,3,9864,1574963,0,4194304,0,1048576,486
/dev/shm/no_compression/parquet-3/lineitem.parquet,11,9,0,3,9864,1574963,0,4194304,0,1048576,494
/dev/shm/no_compression/parquet-3/lineitem.parquet,12,9,0,3,9864,1574963,0,4194304,0,1048576,486
/dev/shm/no_compression/parquet-3/lineitem.parquet,13,9,0,3,9864,1574963,0,4194304,0,1048576,479
/dev/shm/no_compression/parquet-3/lineitem.parquet,14,9,0,3,9864,1574963,0,4194304,0,1048576,487
/dev/shm/no_compression/parquet-3/lineitem.parquet,15,9,0,3,9864,1574963,0,4194304,0,1048576,496
/dev/shm/no_compression/parquet-3/lineitem.parquet,16,9,0,3,9864,1574963,0,4194304,0,1048576,485
/dev/shm/no_compression/parquet-3/lineitem.parquet,17,9,0,2,9860,256584,0,683268,0,170817,147
/dev/shm/no_compression/parquet-3/lineitem.parquet,0,10,0,3,10196,1574963,0,4194304,0,1048576,484
/dev/shm/no_compression/parquet-3/lineitem.parquet,1,10,0,3,10204,1574963,0,4194304,0,1048576,486
/dev/shm/no_compression/parquet-3/lineitem.parquet,2,10,0,3,10200,1574963,0,4194304,0,1048576,492
/dev/shm/no_compression/parquet-3/lineitem.parquet,3,10,0,3,10200,1574963,0,4194304,0,1048576,497
/dev/shm/no_compression/parquet-3/lineitem.parquet,4,10,0,3,10192,1574963,0,4194304,0,1048576,503
/dev/shm/no_compression/parquet-3/lineitem.parquet,5,10,0,3,10204,1574963,0,4194304,0,1048576,493
/dev/shm/no_compression/parquet-3/lineitem.parquet,6,10,0,3,10192,1574963,0,4194304,0,1048576,498
/dev/shm/no_compression/parquet-3/lineitem.parquet,7,10,0,3,10196,1574963,0,4194304,0,1048576,499
/dev/shm/no_compression/parquet-3/lineitem.parquet,8,10,0,3,10200,1574963,0,4194304,0,1048576,495
/dev/shm/no_compression/parquet-3/lineitem.parquet,9,10,0,3,10196,1574963,0,4194304,0,1048576,495
/dev/shm/no_compression/parquet-3/lineitem.parquet,10,10,0,3,10196,1574963,0,4194304,0,1048576,488
/dev/shm/no_compression/parquet-3/lineitem.parquet,11,10,0,3,10196,1574963,0,4194304,0,1048576,499
/dev/shm/no_compression/parquet-3/lineitem.parquet,12,10,0,3,10192,1574963,0,4194304,0,1048576,485
/dev/shm/no_compression/parquet-3/lineitem.parquet,13,10,0,3,10192,1574963,0,4194304,0,1048576,501
/dev/shm/no_compression/parquet-3/lineitem.parquet,14,10,0,3,10200,1574963,0,4194304,0,1048576,483
/dev/shm/no_compression/parquet-3/lineitem.parquet,15,10,0,3,10200,1574963,0,4194304,0,1048576,489
/dev/shm/no_compression/parquet-3/lineitem.parquet,16,10,0,3,10200,1574963,0,4194304,0,1048576,491
/dev/shm/no_compression/parquet-3/lineitem.parquet,17,10,0,2,10156,256584,0,683268,0,170817,156
/dev/shm/no_compression/parquet-3/nation.parquet,0,0,0,2,100,28,0,100,0,25,125
/dev/shm/no_compression/parquet-3/nation.parquet,0,1,0,2,20,20,0,100,0,25,78
/dev/shm/no_compression/parquet-3/part.parquet,0,0,0,6,4800032,278798,3751424,1048576,468928,131072,599
/dev/shm/no_compression/parquet-3/part.parquet,0,1,0,2,200,451200,0,2400000,0,600000,301
/dev/shm/no_compression/parquet-3/part.parquet,0,2,0,3,186360,1126210,0,4800000,0,600000,498
/dev/shm/no_compression/parquet-3/partsupp.parquet,0,0,0,7,5242912,1115171,4194304,4194304,524288,524288,914
/dev/shm/no_compression/parquet-3/partsupp.parquet,1,0,0,7,5242912,1115171,4194304,4194304,524288,524288,811
/dev/shm/no_compression/parquet-3/partsupp.parquet,2,0,0,2,605696,644162,0,2422784,0,302848,314
/dev/shm/no_compression/parquet-3/partsupp.parquet,0,1,0,3,240000,1968180,0,8388608,0,1048576,720
/dev/shm/no_compression/parquet-3/partsupp.parquet,1,1,0,3,240000,1968180,0,8388608,0,1048576,717
/dev/shm/no_compression/parquet-3/partsupp.parquet,2,1,0,2,240000,568450,0,2422784,0,302848,284
/dev/shm/no_compression/parquet-3/partsupp.parquet,0,2,0,3,79992,1837108,0,8388608,0,1048576,876
/dev/shm/no_compression/parquet-3/partsupp.parquet,1,2,0,3,79992,1837108,0,8388608,0,1048576,914
/dev/shm/no_compression/parquet-3/partsupp.parquet,2,2,0,2,79992,530594,0,2422784,0,302848,324
/dev/shm/no_compression/parquet-3/partsupp.parquet,0,3,0,4,799184,2230333,0,8388608,0,1048576,928
/dev/shm/no_compression/parquet-3/partsupp.parquet,1,3,0,4,799192,2230333,0,8388608,0,1048576,924
/dev/shm/no_compression/parquet-3/partsupp.parquet,2,3,0,2,761256,644162,0,2422784,0,302848,367
/dev/shm/no_compression/parquet-3/region.parquet,0,0,0,2,20,11,0,20,0,5,128
/dev/shm/no_compression/parquet-3/supplier.parquet,0,0,0,2,240000,56319,0,240000,0,30000,160
/dev/shm/no_compression/parquet-3/supplier.parquet,0,1,0,2,100,18819,0,120000,0,30000,87
/dev/shm/no_compression/parquet-3/supplier.parquet,0,2,0,2,236504,56319,0,240000,0,30000,113
/dev/shm/no_compression/parquet-10/customer.parquet,0,0,0,9,8388664,278798,7340032,1048576,917504,131072,900
/dev/shm/no_compression/parquet-10/customer.parquet,1,0,0,5,3611416,278798,2562816,1048576,320352,131072,450
/dev/shm/no_compression/parquet-10/customer.parquet,0,1,0,2,100,657451,0,4194304,0,1048576,437
/dev/shm/no_compression/parquet-10/customer.parquet,1,1,0,2,100,283045,0,1805696,0,451424,239
/dev/shm/no_compression/parquet-10/customer.parquet,0,2,0,9,8319440,315936,7266304,1122304,908288,140288,845
/dev/shm/no_compression/parquet-10/customer.parquet,1,2,0,5,3543040,315936,2489088,1122304,311136,140288,457
/dev/shm/no_compression/parquet-10/lineitem.parquet,0,0,0,7,5235584,1124773,4186112,4202496,523264,525312,858
/dev/shm/no_compression/parquet-10/lineitem.parquet,1,0,0,7,5243752,1122467,4194304,4194304,524288,524288,811
/dev/shm/no_compression/parquet-10/lineitem.parquet,2,0,0,7,5244736,1122467,4194304,4194304,524288,524288,811
/dev/shm/no_compression/parquet-10/lineitem.parquet,3,0,0,7,5227848,1127079,4177920,4210688,522240,526336,806
/dev/shm/no_compression/parquet-10/lineitem.parquet,4,0,0,7,5235304,1124773,4186112,4202496,523264,525312,809
/dev/shm/no_compression/parquet-10/lineitem.parquet,5,0,0,7,5243176,1122467,4194304,4194304,524288,524288,806
/dev/shm/no_compression/parquet-10/lineitem.parquet,6,0,0,8,5251863,1120161,4202496,4186112,525312,523264,810
/dev/shm/no_compression/parquet-10/lineitem.parquet,7,0,0,7,5235632,1124773,4186112,4202496,523264,525312,806
/dev/shm/no_compression/parquet-10/lineitem.parquet,8,0,0,7,5236680,1124773,4186112,4202496,523264,525312,804
/dev/shm/no_compression/parquet-10/lineitem.parquet,9,0,0,7,5244264,1122467,4194304,4194304,524288,524288,810
/dev/shm/no_compression/parquet-10/lineitem.parquet,10,0,0,8,5251175,1120161,4202496,4186112,525312,523264,811
/dev/shm/no_compression/parquet-10/lineitem.parquet,11,0,0,7,5242928,1122467,4194304,4194304,524288,524288,807
/dev/shm/no_compression/parquet-10/lineitem.parquet,12,0,0,7,5235920,1124773,4186112,4202496,523264,525312,809
/dev/shm/no_compression/parquet-10/lineitem.parquet,13,0,0,7,5236456,1124773,4186112,4202496,523264,525312,806
/dev/shm/no_compression/parquet-10/lineitem.parquet,14,0,0,7,5244064,1122467,4194304,4194304,524288,524288,804
/dev/shm/no_compression/parquet-10/lineitem.parquet,15,0,0,7,5235568,1124773,4186112,4202496,523264,525312,808
/dev/shm/no_compression/parquet-10/lineitem.parquet,16,0,0,7,5236176,1124773,4186112,4202496,523264,525312,805
/dev/shm/no_compression/parquet-10/lineitem.parquet,17,0,0,7,5235080,1124773,4186112,4202496,523264,525312,810
/dev/shm/no_compression/parquet-10/lineitem.parquet,18,0,0,7,5243488,1122467,4194304,4194304,524288,524288,810
/dev/shm/no_compression/parquet-10/lineitem.parquet,19,0,0,7,5235752,1124773,4186112,4202496,523264,525312,812
/dev/shm/no_compression/parquet-10/lineitem.parquet,20,0,0,7,5244632,1122467,4194304,4194304,524288,524288,810
/dev/shm/no_compression/parquet-10/lineitem.parquet,21,0,0,7,5236592,1124773,4186112,4202496,523264,525312,812
/dev/shm/no_compression/parquet-10/lineitem.parquet,22,0,0,7,5236152,1124773,4186112,4202496,523264,525312,811
/dev/shm/no_compression/parquet-10/lineitem.parquet,23,0,0,7,5242944,1122467,4194304,4194304,524288,524288,813
/dev/shm/no_compression/parquet-10/lineitem.parquet,24,0,0,8,5252887,1120161,4202496,4186112,525312,523264,810
/dev/shm/no_compression/parquet-10/lineitem.parquet,25,0,0,7,5228416,1127079,4177920,4210688,522240,526336,813
/dev/shm/no_compression/parquet-10/lineitem.parquet,26,0,0,7,5235432,1124773,4186112,4202496,523264,525312,801
/dev/shm/no_compression/parquet-10/lineitem.parquet,27,0,0,7,5243600,1122467,4194304,4194304,524288,524288,835
/dev/shm/no_compression/parquet-10/lineitem.parquet,28,0,0,7,5236768,1124773,4186112,4202496,523264,525312,831
/dev/shm/no_compression/parquet-10/lineitem.parquet,29,0,0,8,5251175,1120161,4202496,4186112,525312,523264,807
/dev/shm/no_compression/parquet-10/lineitem.parquet,30,0,0,7,5235056,1124773,4186112,4202496,523264,525312,807
/dev/shm/no_compression/parquet-10/lineitem.parquet,31,0,0,7,5244672,1122467,4194304,4194304,524288,524288,836
/dev/shm/no_compression/parquet-10/lineitem.parquet,32,0,0,7,5243472,1122467,4194304,4194304,524288,524288,841
/dev/shm/no_compression/parquet-10/lineitem.parquet,33,0,0,7,5236192,1124773,4186112,4202496,523264,525312,851
/dev/shm/no_compression/parquet-10/lineitem.parquet,34,0,0,7,5236216,1124773,4186112,4202496,523264,525312,833
/dev/shm/no_compression/parquet-10/lineitem.parquet,35,0,0,7,5243424,1122467,4194304,4194304,524288,524288,850
/dev/shm/no_compression/parquet-10/lineitem.parquet,36,0,0,7,5244776,1122467,4194304,4194304,524288,524288,821
/dev/shm/no_compression/parquet-10/lineitem.parquet,37,0,0,7,5235816,1124773,4186112,4202496,523264,525312,806
/dev/shm/no_compression/parquet-10/lineitem.parquet,38,0,0,7,5244904,1122467,4194304,4194304,524288,524288,808
/dev/shm/no_compression/parquet-10/lineitem.parquet,39,0,0,7,5243416,1122467,4194304,4194304,524288,524288,827
/dev/shm/no_compression/parquet-10/lineitem.parquet,40,0,0,7,5242992,1122467,4194304,4194304,524288,524288,804
/dev/shm/no_compression/parquet-10/lineitem.parquet,41,0,0,8,5251583,1120161,4202496,4186112,525312,523264,811
/dev/shm/no_compression/parquet-10/lineitem.parquet,42,0,0,7,5236144,1124773,4186112,4202496,523264,525312,806
/dev/shm/no_compression/parquet-10/lineitem.parquet,43,0,0,8,5259359,1117855,4210688,4177920,526336,522240,810
/dev/shm/no_compression/parquet-10/lineitem.parquet,44,0,0,7,5236648,1124773,4186112,4202496,523264,525312,808
/dev/shm/no_compression/parquet-10/lineitem.parquet,45,0,0,7,5235368,1124773,4186112,4202496,523264,525312,804
/dev/shm/no_compression/parquet-10/lineitem.parquet,46,0,0,7,5243112,1122467,4194304,4194304,524288,524288,807
/dev/shm/no_compression/parquet-10/lineitem.parquet,47,0,0,7,5244624,1122467,4194304,4194304,524288,524288,805
/dev/shm/no_compression/parquet-10/lineitem.parquet,48,0,0,7,5236064,1124773,4186112,4202496,523264,525312,795
/dev/shm/no_compression/parquet-10/lineitem.parquet,49,0,0,7,5243872,1122467,4194304,4194304,524288,524288,801
/dev/shm/no_compression/parquet-10/lineitem.parquet,50,0,0,8,5251847,1120161,4202496,4186112,525312,523264,806
/dev/shm/no_compression/parquet-10/lineitem.parquet,51,0,0,7,5235536,1124773,4186112,4202496,523264,525312,804
/dev/shm/no_compression/parquet-10/lineitem.parquet,52,0,0,7,5243304,1122467,4194304,4194304,524288,524288,800
/dev/shm/no_compression/parquet-10/lineitem.parquet,53,0,0,7,5236384,1124773,4186112,4202496,523264,525312,801
/dev/shm/no_compression/parquet-10/lineitem.parquet,54,0,0,7,5244096,1122467,4194304,4194304,524288,524288,800
/dev/shm/no_compression/parquet-10/lineitem.parquet,55,0,0,7,5235248,1124773,4186112,4202496,523264,525312,799
/dev/shm/no_compression/parquet-10/lineitem.parquet,56,0,0,7,5244672,1122467,4194304,4194304,524288,524288,800
/dev/shm/no_compression/parquet-10/lineitem.parquet,57,0,0,2,432176,434888,0,1737760,0,217220,255
/dev/shm/no_compression/parquet-10/lineitem.parquet,0,1,0,9,8352448,306712,7299072,1089536,912384,136192,839
/dev/shm/no_compression/parquet-10/lineitem.parquet,1,1,0,9,8352664,306712,7299072,1089536,912384,136192,866
/dev/shm/no_compression/parquet-10/lineitem.parquet,2,1,0,9,8352704,306712,7299072,1089536,912384,136192,836
/dev/shm/no_compression/parquet-10/lineitem.parquet,3,1,0,9,8352072,306712,7299072,1089536,912384,136192,842
/dev/shm/no_compression/parquet-10/lineitem.parquet,4,1,0,9,8353184,306712,7299072,1089536,912384,136192,846
/dev/shm/no_compression/parquet-10/lineitem.parquet,5,1,0,9,8352448,306712,7299072,1089536,912384,136192,857
/dev/shm/no_compression/parquet-10/lineitem.parquet,6,1,0,9,8353128,306712,7299072,1089536,912384,136192,839
/dev/shm/no_compression/parquet-10/lineitem.parquet,7,1,0,9,8352072,306712,7299072,1089536,912384,136192,844
/dev/shm/no_compression/parquet-10/lineitem.parquet,8,1,0,9,8352360,306712,7299072,1089536,912384,136192,846
/dev/shm/no_compression/parquet-10/lineitem.parquet,9,1,0,9,8352248,306712,7299072,1089536,912384,136192,842
/dev/shm/no_compression/parquet-10/lineitem.parquet,10,1,0,9,8353640,306712,7299072,1089536,912384,136192,843
/dev/shm/no_compression/parquet-10/lineitem.parquet,11,1,0,9,8351984,306712,7299072,1089536,912384,136192,847
/dev/shm/no_compression/parquet-10/lineitem.parquet,12,1,0,9,8352240,306712,7299072,1089536,912384,136192,846
/dev/shm/no_compression/parquet-10/lineitem.parquet,13,1,0,9,8351584,306712,7299072,1089536,912384,136192,847
/dev/shm/no_compression/parquet-10/lineitem.parquet,14,1,0,9,8352496,306712,7299072,1089536,912384,136192,831
/dev/shm/no_compression/parquet-10/lineitem.parquet,15,1,0,9,8351608,306712,7299072,1089536,912384,136192,823
/dev/shm/no_compression/parquet-10/lineitem.parquet,16,1,0,9,8352048,306712,7299072,1089536,912384,136192,827
/dev/shm/no_compression/parquet-10/lineitem.parquet,17,1,0,9,8352504,306712,7299072,1089536,912384,136192,835
/dev/shm/no_compression/parquet-10/lineitem.parquet,18,1,0,9,8353136,306712,7299072,1089536,912384,136192,839
/dev/shm/no_compression/parquet-10/lineitem.parquet,19,1,0,9,8352600,306712,7299072,1089536,912384,136192,841
/dev/shm/no_compression/parquet-10/lineitem.parquet,20,1,0,9,8352672,306712,7299072,1089536,912384,136192,830
/dev/shm/no_compression/parquet-10/lineitem.parquet,21,1,0,9,8351680,306712,7299072,1089536,912384,136192,831
/dev/shm/no_compression/parquet-10/lineitem.parquet,22,1,0,9,8352808,306712,7299072,1089536,912384,136192,829
/dev/shm/no_compression/parquet-10/lineitem.parquet,23,1,0,9,8352632,306712,7299072,1089536,912384,136192,832
/dev/shm/no_compression/parquet-10/lineitem.parquet,24,1,0,9,8352176,306712,7299072,1089536,912384,136192,826
/dev/shm/no_compression/parquet-10/lineitem.parquet,25,1,0,9,8352464,306712,7299072,1089536,912384,136192,828
/dev/shm/no_compression/parquet-10/lineitem.parquet,26,1,0,9,8352736,306712,7299072,1089536,912384,136192,829
/dev/shm/no_compression/parquet-10/lineitem.parquet,27,1,0,9,8352536,306712,7299072,1089536,912384,136192,828
/dev/shm/no_compression/parquet-10/lineitem.parquet,28,1,0,9,8352088,306712,7299072,1089536,912384,136192,828
/dev/shm/no_compression/parquet-10/lineitem.parquet,29,1,0,9,8351872,306712,7299072,1089536,912384,136192,831
/dev/shm/no_compression/parquet-10/lineitem.parquet,30,1,0,9,8352576,306712,7299072,1089536,912384,136192,831
/dev/shm/no_compression/parquet-10/lineitem.parquet,31,1,0,9,8353384,306712,7299072,1089536,912384,136192,829
/dev/shm/no_compression/parquet-10/lineitem.parquet,32,1,0,9,8352464,306712,7299072,1089536,912384,136192,830
/dev/shm/no_compression/parquet-10/lineitem.parquet,33,1,0,9,8351680,306712,7299072,1089536,912384,136192,833
/dev/shm/no_compression/parquet-10/lineitem.parquet,34,1,0,9,8352216,306712,7299072,1089536,912384,136192,833
/dev/shm/no_compression/parquet-10/lineitem.parquet,35,1,0,9,8352144,306712,7299072,1089536,912384,136192,833
/dev/shm/no_compression/parquet-10/lineitem.parquet,36,1,0,9,8352032,306712,7299072,1089536,912384,136192,828
/dev/shm/no_compression/parquet-10/lineitem.parquet,37,1,0,9,8352328,306712,7299072,1089536,912384,136192,831
/dev/shm/no_compression/parquet-10/lineitem.parquet,38,1,0,9,8351632,306712,7299072,1089536,912384,136192,830
/dev/shm/no_compression/parquet-10/lineitem.parquet,39,1,0,9,8352872,306712,7299072,1089536,912384,136192,830
/dev/shm/no_compression/parquet-10/lineitem.parquet,40,1,0,9,8352328,306712,7299072,1089536,912384,136192,823
/dev/shm/no_compression/parquet-10/lineitem.parquet,41,1,0,9,8352288,306712,7299072,1089536,912384,136192,830
/dev/shm/no_compression/parquet-10/lineitem.parquet,42,1,0,9,8353392,306712,7299072,1089536,912384,136192,826
/dev/shm/no_compression/parquet-10/lineitem.parquet,43,1,0,9,8352160,306712,7299072,1089536,912384,136192,836
/dev/shm/no_compression/parquet-10/lineitem.parquet,44,1,0,9,8351520,306712,7299072,1089536,912384,136192,835
/dev/shm/no_compression/parquet-10/lineitem.parquet,45,1,0,9,8352648,306712,7299072,1089536,912384,136192,828
/dev/shm/no_compression/parquet-10/lineitem.parquet,46,1,0,9,8351488,306712,7299072,1089536,912384,136192,840
/dev/shm/no_compression/parquet-10/lineitem.parquet,47,1,0,9,8352648,306712,7299072,1089536,912384,136192,840
/dev/shm/no_compression/parquet-10/lineitem.parquet,48,1,0,9,8353008,306712,7299072,1089536,912384,136192,846
/dev/shm/no_compression/parquet-10/lineitem.parquet,49,1,0,9,8352640,306712,7299072,1089536,912384,136192,843
/dev/shm/no_compression/parquet-10/lineitem.parquet,50,1,0,9,8352888,306712,7299072,1089536,912384,136192,848
/dev/shm/no_compression/parquet-10/lineitem.parquet,51,1,0,9,8352832,306712,7299072,1089536,912384,136192,832
/dev/shm/no_compression/parquet-10/lineitem.parquet,52,1,0,9,8352512,306712,7299072,1089536,912384,136192,848
/dev/shm/no_compression/parquet-10/lineitem.parquet,53,1,0,9,8352384,306712,7299072,1089536,912384,136192,839
/dev/shm/no_compression/parquet-10/lineitem.parquet,54,1,0,9,8352768,306712,7299072,1089536,912384,136192,838
/dev/shm/no_compression/parquet-10/lineitem.parquet,55,1,0,9,8352288,306712,7299072,1089536,912384,136192,838
/dev/shm/no_compression/parquet-10/lineitem.parquet,56,1,0,9,8353368,306712,7299072,1089536,912384,136192,845
/dev/shm/no_compression/parquet-10/lineitem.parquet,57,1,0,3,1702664,306712,648224,1089536,81028,136192,306
/dev/shm/no_compression/parquet-10/lineitem.parquet,0,2,0,4,799968,2230333,0,8388608,0,1048576,931
/dev/shm/no_compression/parquet-10/lineitem.parquet,1,2,0,4,799976,2230333,0,8388608,0,1048576,925
/dev/shm/no_compression/parquet-10/lineitem.parquet,2,2,0,4,799976,2230333,0,8388608,0,1048576,927
/dev/shm/no_compression/parquet-10/lineitem.parquet,3,2,0,4,799984,2230333,0,8388608,0,1048576,940
/dev/shm/no_compression/parquet-10/lineitem.parquet,4,2,0,4,799984,2230333,0,8388608,0,1048576,924
/dev/shm/no_compression/parquet-10/lineitem.parquet,5,2,0,4,799968,2230333,0,8388608,0,1048576,922
/dev/shm/no_compression/parquet-10/lineitem.parquet,6,2,0,4,799984,2230333,0,8388608,0,1048576,929
/dev/shm/no_compression/parquet-10/lineitem.parquet,7,2,0,4,799976,2230333,0,8388608,0,1048576,927
/dev/shm/no_compression/parquet-10/lineitem.parquet,8,2,0,4,799984,2230333,0,8388608,0,1048576,939
/dev/shm/no_compression/parquet-10/lineitem.parquet,9,2,0,4,799992,2230333,0,8388608,0,1048576,922
/dev/shm/no_compression/parquet-10/lineitem.parquet,10,2,0,4,799968,2230333,0,8388608,0,1048576,923
/dev/shm/no_compression/parquet-10/lineitem.parquet,11,2,0,4,799984,2230333,0,8388608,0,1048576,926
/dev/shm/no_compression/parquet-10/lineitem.parquet,12,2,0,4,799992,2230333,0,8388608,0,1048576,928
/dev/shm/no_compression/parquet-10/lineitem.parquet,13,2,0,4,799960,2230333,0,8388608,0,1048576,928
/dev/shm/no_compression/parquet-10/lineitem.parquet,14,2,0,4,799968,2230333,0,8388608,0,1048576,945
/dev/shm/no_compression/parquet-10/lineitem.parquet,15,2,0,4,799976,2230333,0,8388608,0,1048576,926
/dev/shm/no_compression/parquet-10/lineitem.parquet,16,2,0,4,799960,2230333,0,8388608,0,1048576,924
/dev/shm/no_compression/parquet-10/lineitem.parquet,17,2,0,4,799992,2230333,0,8388608,0,1048576,921
/dev/shm/no_compression/parquet-10/lineitem.parquet,18,2,0,4,799992,2230333,0,8388608,0,1048576,921
/dev/shm/no_compression/parquet-10/lineitem.parquet,19,2,0,4,800000,2230333,0,8388608,0,1048576,917
/dev/shm/no_compression/parquet-10/lineitem.parquet,20,2,0,4,799960,2230333,0,8388608,0,1048576,915
/dev/shm/no_compression/parquet-10/lineitem.parquet,21,2,0,4,799960,2230333,0,8388608,0,1048576,925
/dev/shm/no_compression/parquet-10/lineitem.parquet,22,2,0,4,799976,2230333,0,8388608,0,1048576,922
/dev/shm/no_compression/parquet-10/lineitem.parquet,23,2,0,4,799992,2230333,0,8388608,0,1048576,933
/dev/shm/no_compression/parquet-10/lineitem.parquet,24,2,0,4,799984,2230333,0,8388608,0,1048576,942
/dev/shm/no_compression/parquet-10/lineitem.parquet,25,2,0,4,799984,2230333,0,8388608,0,1048576,954
/dev/shm/no_compression/parquet-10/lineitem.parquet,26,2,0,4,799960,2230333,0,8388608,0,1048576,927
/dev/shm/no_compression/parquet-10/lineitem.parquet,27,2,0,4,799984,2230333,0,8388608,0,1048576,929
/dev/shm/no_compression/parquet-10/lineitem.parquet,28,2,0,4,799968,2230333,0,8388608,0,1048576,937
/dev/shm/no_compression/parquet-10/lineitem.parquet,29,2,0,4,799984,2230333,0,8388608,0,1048576,928
/dev/shm/no_compression/parquet-10/lineitem.parquet,30,2,0,4,799968,2230333,0,8388608,0,1048576,927
/dev/shm/no_compression/parquet-10/lineitem.parquet,31,2,0,4,799992,2230333,0,8388608,0,1048576,928
/dev/shm/no_compression/parquet-10/lineitem.parquet,32,2,0,4,799984,2230333,0,8388608,0,1048576,926
/dev/shm/no_compression/parquet-10/lineitem.parquet,33,2,0,4,799944,2230333,0,8388608,0,1048576,930
/dev/shm/no_compression/parquet-10/lineitem.parquet,34,2,0,4,799984,2230333,0,8388608,0,1048576,932
/dev/shm/no_compression/parquet-10/lineitem.parquet,35,2,0,4,799960,2230333,0,8388608,0,1048576,945
/dev/shm/no_compression/parquet-10/lineitem.parquet,36,2,0,4,799992,2230333,0,8388608,0,1048576,943
/dev/shm/no_compression/parquet-10/lineitem.parquet,37,2,0,4,799968,2230333,0,8388608,0,1048576,957
/dev/shm/no_compression/parquet-10/lineitem.parquet,38,2,0,4,799992,2230333,0,8388608,0,1048576,942
/dev/shm/no_compression/parquet-10/lineitem.parquet,39,2,0,4,800000,2230333,0,8388608,0,1048576,945
/dev/shm/no_compression/parquet-10/lineitem.parquet,40,2,0,4,799992,2230333,0,8388608,0,1048576,934
/dev/shm/no_compression/parquet-10/lineitem.parquet,41,2,0,4,799960,2230333,0,8388608,0,1048576,933
/dev/shm/no_compression/parquet-10/lineitem.parquet,42,2,0,4,799960,2230333,0,8388608,0,1048576,939
/dev/shm/no_compression/parquet-10/lineitem.parquet,43,2,0,4,799992,2230333,0,8388608,0,1048576,936
/dev/shm/no_compression/parquet-10/lineitem.parquet,44,2,0,4,799976,2230333,0,8388608,0,1048576,934
/dev/shm/no_compression/parquet-10/lineitem.parquet,45,2,0,4,799984,2230333,0,8388608,0,1048576,924
/dev/shm/no_compression/parquet-10/lineitem.parquet,46,2,0,4,799992,2230333,0,8388608,0,1048576,927
/dev/shm/no_compression/parquet-10/lineitem.parquet,47,2,0,4,799984,2230333,0,8388608,0,1048576,942
/dev/shm/no_compression/parquet-10/lineitem.parquet,48,2,0,4,799984,2230333,0,8388608,0,1048576,934
/dev/shm/no_compression/parquet-10/lineitem.parquet,49,2,0,4,800000,2230333,0,8388608,0,1048576,951
/dev/shm/no_compression/parquet-10/lineitem.parquet,50,2,0,4,800000,2230333,0,8388608,0,1048576,926
/dev/shm/no_compression/parquet-10/lineitem.parquet,51,2,0,4,799960,2230333,0,8388608,0,1048576,925
/dev/shm/no_compression/parquet-10/lineitem.parquet,52,2,0,4,799984,2230333,0,8388608,0,1048576,936
/dev/shm/no_compression/parquet-10/lineitem.parquet,53,2,0,4,799992,2230333,0,8388608,0,1048576,934
/dev/shm/no_compression/parquet-10/lineitem.parquet,54,2,0,4,799968,2230333,0,8388608,0,1048576,928
/dev/shm/no_compression/parquet-10/lineitem.parquet,55,2,0,4,799984,2230333,0,8388608,0,1048576,928
/dev/shm/no_compression/parquet-10/lineitem.parquet,56,2,0,4,799992,2230333,0,8388608,0,1048576,926
/dev/shm/no_compression/parquet-10/lineitem.parquet,57,2,0,2,709704,462041,0,1737760,0,217220,310
/dev/shm/no_compression/parquet-10/lineitem.parquet,0,3,0,2,56,395307,0,8388608,0,1048576,704
/dev/shm/no_compression/parquet-10/lineitem.parquet,1,3,0,2,56,395307,0,8388608,0,1048576,701
/dev/shm/no_compression/parquet-10/lineitem.parquet,2,3,0,2,56,395307,0,8388608,0,1048576,733
/dev/shm/no_compression/parquet-10/lineitem.parquet,3,3,0,2,56,395307,0,8388608,0,1048576,702
/dev/shm/no_compression/parquet-10/lineitem.parquet,4,3,0,2,56,395307,0,8388608,0,1048576,706
/dev/shm/no_compression/parquet-10/lineitem.parquet,5,3,0,2,56,395307,0,8388608,0,1048576,697
/dev/shm/no_compression/parquet-10/lineitem.parquet,6,3,0,2,56,395307,0,8388608,0,1048576,700
/dev/shm/no_compression/parquet-10/lineitem.parquet,7,3,0,2,56,395307,0,8388608,0,1048576,701
/dev/shm/no_compression/parquet-10/lineitem.parquet,8,3,0,2,56,395307,0,8388608,0,1048576,699
/dev/shm/no_compression/parquet-10/lineitem.parquet,9,3,0,2,56,395307,0,8388608,0,1048576,685
/dev/shm/no_compression/parquet-10/lineitem.parquet,10,3,0,2,56,395307,0,8388608,0,1048576,686
/dev/shm/no_compression/parquet-10/lineitem.parquet,11,3,0,2,56,395307,0,8388608,0,1048576,688
/dev/shm/no_compression/parquet-10/lineitem.parquet,12,3,0,2,56,395307,0,8388608,0,1048576,686
/dev/shm/no_compression/parquet-10/lineitem.parquet,13,3,0,2,56,395307,0,8388608,0,1048576,687
/dev/shm/no_compression/parquet-10/lineitem.parquet,14,3,0,2,56,395307,0,8388608,0,1048576,688
/dev/shm/no_compression/parquet-10/lineitem.parquet,15,3,0,2,56,395307,0,8388608,0,1048576,684
/dev/shm/no_compression/parquet-10/lineitem.parquet,16,3,0,2,56,395307,0,8388608,0,1048576,691
/dev/shm/no_compression/parquet-10/lineitem.parquet,17,3,0,2,56,395307,0,8388608,0,1048576,701
/dev/shm/no_compression/parquet-10/lineitem.parquet,18,3,0,2,56,395307,0,8388608,0,1048576,722
/dev/shm/no_compression/parquet-10/lineitem.parquet,19,3,0,2,56,395307,0,8388608,0,1048576,704
/dev/shm/no_compression/parquet-10/lineitem.parquet,20,3,0,2,56,395307,0,8388608,0,1048576,698
/dev/shm/no_compression/parquet-10/lineitem.parquet,21,3,0,2,56,395307,0,8388608,0,1048576,697
/dev/shm/no_compression/parquet-10/lineitem.parquet,22,3,0,2,56,395307,0,8388608,0,1048576,706
/dev/shm/no_compression/parquet-10/lineitem.parquet,23,3,0,2,56,395307,0,8388608,0,1048576,698
/dev/shm/no_compression/parquet-10/lineitem.parquet,24,3,0,2,56,395307,0,8388608,0,1048576,705
/dev/shm/no_compression/parquet-10/lineitem.parquet,25,3,0,2,56,395307,0,8388608,0,1048576,699
/dev/shm/no_compression/parquet-10/lineitem.parquet,26,3,0,2,56,395307,0,8388608,0,1048576,695
/dev/shm/no_compression/parquet-10/lineitem.parquet,27,3,0,2,56,395307,0,8388608,0,1048576,704
/dev/shm/no_compression/parquet-10/lineitem.parquet,28,3,0,2,56,395307,0,8388608,0,1048576,704
/dev/shm/no_compression/parquet-10/lineitem.parquet,29,3,0,2,56,395307,0,8388608,0,1048576,699
/dev/shm/no_compression/parquet-10/lineitem.parquet,30,3,0,2,56,395307,0,8388608,0,1048576,703
/dev/shm/no_compression/parquet-10/lineitem.parquet,31,3,0,2,56,395307,0,8388608,0,1048576,699
/dev/shm/no_compression/parquet-10/lineitem.parquet,32,3,0,2,56,395307,0,8388608,0,1048576,711
/dev/shm/no_compression/parquet-10/lineitem.parquet,33,3,0,2,56,395307,0,8388608,0,1048576,715
/dev/shm/no_compression/parquet-10/lineitem.parquet,34,3,0,2,56,395307,0,8388608,0,1048576,703
/dev/shm/no_compression/parquet-10/lineitem.parquet,35,3,0,2,56,395307,0,8388608,0,1048576,701
/dev/shm/no_compression/parquet-10/lineitem.parquet,36,3,0,2,56,395307,0,8388608,0,1048576,693
/dev/shm/no_compression/parquet-10/lineitem.parquet,37,3,0,2,56,395307,0,8388608,0,1048576,705
/dev/shm/no_compression/parquet-10/lineitem.parquet,38,3,0,2,56,395306,0,8388608,0,1048576,703
/dev/shm/no_compression/parquet-10/lineitem.parquet,39,3,0,2,56,395307,0,8388608,0,1048576,695
/dev/shm/no_compression/parquet-10/lineitem.parquet,40,3,0,2,56,395307,0,8388608,0,1048576,703
/dev/shm/no_compression/parquet-10/lineitem.parquet,41,3,0,2,56,395307,0,8388608,0,1048576,698
/dev/shm/no_compression/parquet-10/lineitem.parquet,42,3,0,2,56,395307,0,8388608,0,1048576,709
/dev/shm/no_compression/parquet-10/lineitem.parquet,43,3,0,2,56,395307,0,8388608,0,1048576,712
/dev/shm/no_compression/parquet-10/lineitem.parquet,44,3,0,2,56,395307,0,8388608,0,1048576,701
/dev/shm/no_compression/parquet-10/lineitem.parquet,45,3,0,2,56,395307,0,8388608,0,1048576,695
/dev/shm/no_compression/parquet-10/lineitem.parquet,46,3,0,2,56,395307,0,8388608,0,1048576,699
/dev/shm/no_compression/parquet-10/lineitem.parquet,47,3,0,2,56,395307,0,8388608,0,1048576,723
/dev/shm/no_compression/parquet-10/lineitem.parquet,48,3,0,2,56,395307,0,8388608,0,1048576,701
/dev/shm/no_compression/parquet-10/lineitem.parquet,49,3,0,2,56,395307,0,8388608,0,1048576,702
/dev/shm/no_compression/parquet-10/lineitem.parquet,50,3,0,2,56,395307,0,8388608,0,1048576,700
/dev/shm/no_compression/parquet-10/lineitem.parquet,51,3,0,2,56,395307,0,8388608,0,1048576,696
/dev/shm/no_compression/parquet-10/lineitem.parquet,52,3,0,2,56,395307,0,8388608,0,1048576,700
/dev/shm/no_compression/parquet-10/lineitem.parquet,53,3,0,2,56,395307,0,8388608,0,1048576,691
/dev/shm/no_compression/parquet-10/lineitem.parquet,54,3,0,2,56,395307,0,8388608,0,1048576,694
/dev/shm/no_compression/parquet-10/lineitem.parquet,55,3,0,2,56,395307,0,8388608,0,1048576,695
/dev/shm/no_compression/parquet-10/lineitem.parquet,56,3,0,2,56,395307,0,8388608,0,1048576,700
/dev/shm/no_compression/parquet-10/lineitem.parquet,57,3,0,2,56,81899,0,1737760,0,217220,207
/dev/shm/no_compression/parquet-10/lineitem.parquet,0,4,0,2,400,788523,0,8388608,0,1048576,825
/dev/shm/no_compression/parquet-10/lineitem.parquet,1,4,0,2,400,788523,0,8388608,0,1048576,836
/dev/shm/no_compression/parquet-10/lineitem.parquet,2,4,0,2,400,788523,0,8388608,0,1048576,826
/dev/shm/no_compression/parquet-10/lineitem.parquet,3,4,0,2,400,788523,0,8388608,0,1048576,842
/dev/shm/no_compression/parquet-10/lineitem.parquet,4,4,0,2,400,788523,0,8388608,0,1048576,838
/dev/shm/no_compression/parquet-10/lineitem.parquet,5,4,0,2,400,788523,0,8388608,0,1048576,836
/dev/shm/no_compression/parquet-10/lineitem.parquet,6,4,0,2,400,788523,0,8388608,0,1048576,841
/dev/shm/no_compression/parquet-10/lineitem.parquet,7,4,0,2,400,788523,0,8388608,0,1048576,842
/dev/shm/no_compression/parquet-10/lineitem.parquet,8,4,0,2,400,788523,0,8388608,0,1048576,846
/dev/shm/no_compression/parquet-10/lineitem.parquet,9,4,0,2,400,788523,0,8388608,0,1048576,839
/dev/shm/no_compression/parquet-10/lineitem.parquet,10,4,0,2,400,788523,0,8388608,0,1048576,834
/dev/shm/no_compression/parquet-10/lineitem.parquet,11,4,0,2,400,788523,0,8388608,0,1048576,860
/dev/shm/no_compression/parquet-10/lineitem.parquet,12,4,0,2,400,788523,0,8388608,0,1048576,834
/dev/shm/no_compression/parquet-10/lineitem.parquet,13,4,0,2,400,788523,0,8388608,0,1048576,836
/dev/shm/no_compression/parquet-10/lineitem.parquet,14,4,0,2,400,788523,0,8388608,0,1048576,830
/dev/shm/no_compression/parquet-10/lineitem.parquet,15,4,0,2,400,788523,0,8388608,0,1048576,827
/dev/shm/no_compression/parquet-10/lineitem.parquet,16,4,0,2,400,788523,0,8388608,0,1048576,830
/dev/shm/no_compression/parquet-10/lineitem.parquet,17,4,0,2,400,788523,0,8388608,0,1048576,834
/dev/shm/no_compression/parquet-10/lineitem.parquet,18,4,0,2,400,788523,0,8388608,0,1048576,836
/dev/shm/no_compression/parquet-10/lineitem.parquet,19,4,0,2,400,788523,0,8388608,0,1048576,830
/dev/shm/no_compression/parquet-10/lineitem.parquet,20,4,0,2,400,788523,0,8388608,0,1048576,833
/dev/shm/no_compression/parquet-10/lineitem.parquet,21,4,0,2,400,788523,0,8388608,0,1048576,827
/dev/shm/no_compression/parquet-10/lineitem.parquet,22,4,0,2,400,788523,0,8388608,0,1048576,850
/dev/shm/no_compression/parquet-10/lineitem.parquet,23,4,0,2,400,788523,0,8388608,0,1048576,833
/dev/shm/no_compression/parquet-10/lineitem.parquet,24,4,0,2,400,788523,0,8388608,0,1048576,838
/dev/shm/no_compression/parquet-10/lineitem.parquet,25,4,0,2,400,788523,0,8388608,0,1048576,846
/dev/shm/no_compression/parquet-10/lineitem.parquet,26,4,0,2,400,788523,0,8388608,0,1048576,865
/dev/shm/no_compression/parquet-10/lineitem.parquet,27,4,0,2,400,788523,0,8388608,0,1048576,836
/dev/shm/no_compression/parquet-10/lineitem.parquet,28,4,0,2,400,788523,0,8388608,0,1048576,833
/dev/shm/no_compression/parquet-10/lineitem.parquet,29,4,0,2,400,788523,0,8388608,0,1048576,835
/dev/shm/no_compression/parquet-10/lineitem.parquet,30,4,0,2,400,788523,0,8388608,0,1048576,842
/dev/shm/no_compression/parquet-10/lineitem.parquet,31,4,0,2,400,788523,0,8388608,0,1048576,839
/dev/shm/no_compression/parquet-10/lineitem.parquet,32,4,0,2,400,788523,0,8388608,0,1048576,840
/dev/shm/no_compression/parquet-10/lineitem.parquet,33,4,0,2,400,788523,0,8388608,0,1048576,834
/dev/shm/no_compression/parquet-10/lineitem.parquet,34,4,0,2,400,788523,0,8388608,0,1048576,831
/dev/shm/no_compression/parquet-10/lineitem.parquet,35,4,0,2,400,788523,0,8388608,0,1048576,829
/dev/shm/no_compression/parquet-10/lineitem.parquet,36,4,0,2,400,788523,0,8388608,0,1048576,828
/dev/shm/no_compression/parquet-10/lineitem.parquet,37,4,0,2,400,788523,0,8388608,0,1048576,831
/dev/shm/no_compression/parquet-10/lineitem.parquet,38,4,0,2,400,788523,0,8388608,0,1048576,834
/dev/shm/no_compression/parquet-10/lineitem.parquet,39,4,0,2,400,788523,0,8388608,0,1048576,831
/dev/shm/no_compression/parquet-10/lineitem.parquet,40,4,0,2,400,788523,0,8388608,0,1048576,833
/dev/shm/no_compression/parquet-10/lineitem.parquet,41,4,0,2,400,788523,0,8388608,0,1048576,833
/dev/shm/no_compression/parquet-10/lineitem.parquet,42,4,0,2,400,788523,0,8388608,0,1048576,834
/dev/shm/no_compression/parquet-10/lineitem.parquet,43,4,0,2,400,788523,0,8388608,0,1048576,841
/dev/shm/no_compression/parquet-10/lineitem.parquet,44,4,0,2,400,788523,0,8388608,0,1048576,834
/dev/shm/no_compression/parquet-10/lineitem.parquet,45,4,0,2,400,788523,0,8388608,0,1048576,834
/dev/shm/no_compression/parquet-10/lineitem.parquet,46,4,0,2,400,788523,0,8388608,0,1048576,843
/dev/shm/no_compression/parquet-10/lineitem.parquet,47,4,0,2,400,788523,0,8388608,0,1048576,838
/dev/shm/no_compression/parquet-10/lineitem.parquet,48,4,0,2,400,788523,0,8388608,0,1048576,835
/dev/shm/no_compression/parquet-10/lineitem.parquet,49,4,0,2,400,788523,0,8388608,0,1048576,837
/dev/shm/no_compression/parquet-10/lineitem.parquet,50,4,0,2,400,788523,0,8388608,0,1048576,838
/dev/shm/no_compression/parquet-10/lineitem.parquet,51,4,0,2,400,788523,0,8388608,0,1048576,832
/dev/shm/no_compression/parquet-10/lineitem.parquet,52,4,0,2,400,788523,0,8388608,0,1048576,833
/dev/shm/no_compression/parquet-10/lineitem.parquet,53,4,0,2,400,788523,0,8388608,0,1048576,833
/dev/shm/no_compression/parquet-10/lineitem.parquet,54,4,0,2,400,788523,0,8388608,0,1048576,830
/dev/shm/no_compression/parquet-10/lineitem.parquet,55,4,0,2,400,788523,0,8388608,0,1048576,831
/dev/shm/no_compression/parquet-10/lineitem.parquet,56,4,0,2,400,788523,0,8388608,0,1048576,829
/dev/shm/no_compression/parquet-10/lineitem.parquet,57,4,0,2,400,163358,0,1737760,0,217220,245
/dev/shm/no_compression/parquet-10/lineitem.parquet,0,5,0,9,8310920,318242,7258112,1130496,907264,141312,856
/dev/shm/no_compression/parquet-10/lineitem.parquet,1,5,0,9,8310856,318242,7258112,1130496,907264,141312,845
/dev/shm/no_compression/parquet-10/lineitem.parquet,2,5,0,9,8310504,318242,7258112,1130496,907264,141312,849
/dev/shm/no_compression/parquet-10/lineitem.parquet,3,5,0,9,8311888,318242,7258112,1130496,907264,141312,848
/dev/shm/no_compression/parquet-10/lineitem.parquet,4,5,0,9,8311424,318242,7258112,1130496,907264,141312,848
/dev/shm/no_compression/parquet-10/lineitem.parquet,5,5,0,9,8311608,318242,7258112,1130496,907264,141312,844
/dev/shm/no_compression/parquet-10/lineitem.parquet,6,5,0,9,8310800,318242,7258112,1130496,907264,141312,843
/dev/shm/no_compression/parquet-10/lineitem.parquet,7,5,0,9,8311976,318242,7258112,1130496,907264,141312,846
/dev/shm/no_compression/parquet-10/lineitem.parquet,8,5,0,9,8311264,318242,7258112,1130496,907264,141312,845
/dev/shm/no_compression/parquet-10/lineitem.parquet,9,5,0,9,8311896,318242,7258112,1130496,907264,141312,842
/dev/shm/no_compression/parquet-10/lineitem.parquet,10,5,0,9,8310968,318242,7258112,1130496,907264,141312,851
/dev/shm/no_compression/parquet-10/lineitem.parquet,11,5,0,9,8310632,318242,7258112,1130496,907264,141312,845
/dev/shm/no_compression/parquet-10/lineitem.parquet,12,5,0,9,8309144,318242,7258112,1130496,907264,141312,840
/dev/shm/no_compression/parquet-10/lineitem.parquet,13,5,0,9,8312336,318242,7258112,1130496,907264,141312,850
/dev/shm/no_compression/parquet-10/lineitem.parquet,14,5,0,9,8311728,318242,7258112,1130496,907264,141312,846
/dev/shm/no_compression/parquet-10/lineitem.parquet,15,5,0,9,8312280,318242,7258112,1130496,907264,141312,852
/dev/shm/no_compression/parquet-10/lineitem.parquet,16,5,0,9,8312200,318242,7258112,1130496,907264,141312,843
/dev/shm/no_compression/parquet-10/lineitem.parquet,17,5,0,9,8310424,318242,7258112,1130496,907264,141312,850
/dev/shm/no_compression/parquet-10/lineitem.parquet,18,5,0,9,8311240,318242,7258112,1130496,907264,141312,845
/dev/shm/no_compression/parquet-10/lineitem.parquet,19,5,0,9,8310264,318242,7258112,1130496,907264,141312,851
/dev/shm/no_compression/parquet-10/lineitem.parquet,20,5,0,9,8311840,318242,7258112,1130496,907264,141312,851
/dev/shm/no_compression/parquet-10/lineitem.parquet,21,5,0,9,8311800,318242,7258112,1130496,907264,141312,843
/dev/shm/no_compression/parquet-10/lineitem.parquet,22,5,0,9,8312096,318242,7258112,1130496,907264,141312,856
/dev/shm/no_compression/parquet-10/lineitem.parquet,23,5,0,9,8309896,318242,7258112,1130496,907264,141312,849
/dev/shm/no_compression/parquet-10/lineitem.parquet,24,5,0,9,8310016,318242,7258112,1130496,907264,141312,855
/dev/shm/no_compression/parquet-10/lineitem.parquet,25,5,0,9,8311936,318242,7258112,1130496,907264,141312,850
/dev/shm/no_compression/parquet-10/lineitem.parquet,26,5,0,9,8310408,318242,7258112,1130496,907264,141312,846
/dev/shm/no_compression/parquet-10/lineitem.parquet,27,5,0,9,8311680,318242,7258112,1130496,907264,141312,851
/dev/shm/no_compression/parquet-10/lineitem.parquet,28,5,0,9,8311856,318242,7258112,1130496,907264,141312,852
/dev/shm/no_compression/parquet-10/lineitem.parquet,29,5,0,9,8310368,318242,7258112,1130496,907264,141312,846
/dev/shm/no_compression/parquet-10/lineitem.parquet,30,5,0,9,8312000,318242,7258112,1130496,907264,141312,844
/dev/shm/no_compression/parquet-10/lineitem.parquet,31,5,0,9,8311768,318242,7258112,1130496,907264,141312,844
/dev/shm/no_compression/parquet-10/lineitem.parquet,32,5,0,9,8311592,318242,7258112,1130496,907264,141312,843
/dev/shm/no_compression/parquet-10/lineitem.parquet,33,5,0,9,8311800,318242,7258112,1130496,907264,141312,841
/dev/shm/no_compression/parquet-10/lineitem.parquet,34,5,0,9,8310408,318242,7258112,1130496,907264,141312,840
/dev/shm/no_compression/parquet-10/lineitem.parquet,35,5,0,9,8310928,318242,7258112,1130496,907264,141312,847
/dev/shm/no_compression/parquet-10/lineitem.parquet,36,5,0,9,8311344,318242,7258112,1130496,907264,141312,856
/dev/shm/no_compression/parquet-10/lineitem.parquet,37,5,0,9,8311480,318242,7258112,1130496,907264,141312,844
/dev/shm/no_compression/parquet-10/lineitem.parquet,38,5,0,9,8312104,318242,7258112,1130496,907264,141312,842
/dev/shm/no_compression/parquet-10/lineitem.parquet,39,5,0,9,8311208,318242,7258112,1130496,907264,141312,847
/dev/shm/no_compression/parquet-10/lineitem.parquet,40,5,0,9,8310824,318242,7258112,1130496,907264,141312,863
/dev/shm/no_compression/parquet-10/lineitem.parquet,41,5,0,9,8311008,318242,7258112,1130496,907264,141312,847
/dev/shm/no_compression/parquet-10/lineitem.parquet,42,5,0,9,8312096,318242,7258112,1130496,907264,141312,844
/dev/shm/no_compression/parquet-10/lineitem.parquet,43,5,0,9,8310680,318242,7258112,1130496,907264,141312,847
/dev/shm/no_compression/parquet-10/lineitem.parquet,44,5,0,9,8311736,318242,7258112,1130496,907264,141312,842
/dev/shm/no_compression/parquet-10/lineitem.parquet,45,5,0,9,8312368,318242,7258112,1130496,907264,141312,848
/dev/shm/no_compression/parquet-10/lineitem.parquet,46,5,0,9,8311072,318242,7258112,1130496,907264,141312,846
/dev/shm/no_compression/parquet-10/lineitem.parquet,47,5,0,9,8310496,318242,7258112,1130496,907264,141312,848
/dev/shm/no_compression/parquet-10/lineitem.parquet,48,5,0,9,8311856,318242,7258112,1130496,907264,141312,849
/dev/shm/no_compression/parquet-10/lineitem.parquet,49,5,0,9,8310992,318242,7258112,1130496,907264,141312,855
/dev/shm/no_compression/parquet-10/lineitem.parquet,50,5,0,9,8311288,318242,7258112,1130496,907264,141312,848
/dev/shm/no_compression/parquet-10/lineitem.parquet,51,5,0,9,8311824,318242,7258112,1130496,907264,141312,850
/dev/shm/no_compression/parquet-10/lineitem.parquet,52,5,0,9,8310944,318242,7258112,1130496,907264,141312,844
/dev/shm/no_compression/parquet-10/lineitem.parquet,53,5,0,9,8312040,318242,7258112,1130496,907264,141312,848
/dev/shm/no_compression/parquet-10/lineitem.parquet,54,5,0,9,8310520,318242,7258112,1130496,907264,141312,846
/dev/shm/no_compression/parquet-10/lineitem.parquet,55,5,0,9,8312800,318242,7258112,1130496,907264,141312,843
/dev/shm/no_compression/parquet-10/lineitem.parquet,56,5,0,9,8312320,318242,7258112,1130496,907264,141312,849
/dev/shm/no_compression/parquet-10/lineitem.parquet,57,5,0,3,1660976,318242,607264,1130496,75908,141312,308
/dev/shm/no_compression/parquet-10/lineitem.parquet,0,6,0,2,88,526379,0,8388608,0,1048576,805
/dev/shm/no_compression/parquet-10/lineitem.parquet,1,6,0,2,88,526379,0,8388608,0,1048576,819
/dev/shm/no_compression/parquet-10/lineitem.parquet,2,6,0,2,88,526379,0,8388608,0,1048576,804
/dev/shm/no_compression/parquet-10/lineitem.parquet,3,6,0,2,88,526379,0,8388608,0,1048576,799
/dev/shm/no_compression/parquet-10/lineitem.parquet,4,6,0,2,88,526379,0,8388608,0,1048576,797
/dev/shm/no_compression/parquet-10/lineitem.parquet,5,6,0,2,88,526379,0,8388608,0,1048576,803
/dev/shm/no_compression/parquet-10/lineitem.parquet,6,6,0,2,88,526379,0,8388608,0,1048576,794
/dev/shm/no_compression/parquet-10/lineitem.parquet,7,6,0,2,88,526379,0,8388608,0,1048576,800
/dev/shm/no_compression/parquet-10/lineitem.parquet,8,6,0,2,88,526379,0,8388608,0,1048576,801
/dev/shm/no_compression/parquet-10/lineitem.parquet,9,6,0,2,88,526379,0,8388608,0,1048576,797
/dev/shm/no_compression/parquet-10/lineitem.parquet,10,6,0,2,88,526379,0,8388608,0,1048576,801
/dev/shm/no_compression/parquet-10/lineitem.parquet,11,6,0,2,88,526379,0,8388608,0,1048576,801
/dev/shm/no_compression/parquet-10/lineitem.parquet,12,6,0,2,88,526379,0,8388608,0,1048576,830
/dev/shm/no_compression/parquet-10/lineitem.parquet,13,6,0,2,88,526379,0,8388608,0,1048576,829
/dev/shm/no_compression/parquet-10/lineitem.parquet,14,6,0,2,88,526379,0,8388608,0,1048576,825
/dev/shm/no_compression/parquet-10/lineitem.parquet,15,6,0,2,88,526379,0,8388608,0,1048576,789
/dev/shm/no_compression/parquet-10/lineitem.parquet,16,6,0,2,88,526379,0,8388608,0,1048576,791
/dev/shm/no_compression/parquet-10/lineitem.parquet,17,6,0,2,88,526379,0,8388608,0,1048576,790
/dev/shm/no_compression/parquet-10/lineitem.parquet,18,6,0,2,88,526379,0,8388608,0,1048576,792
/dev/shm/no_compression/parquet-10/lineitem.parquet,19,6,0,2,88,526379,0,8388608,0,1048576,790
/dev/shm/no_compression/parquet-10/lineitem.parquet,20,6,0,2,88,526379,0,8388608,0,1048576,791
/dev/shm/no_compression/parquet-10/lineitem.parquet,21,6,0,2,88,526379,0,8388608,0,1048576,815
/dev/shm/no_compression/parquet-10/lineitem.parquet,22,6,0,2,88,526379,0,8388608,0,1048576,824
/dev/shm/no_compression/parquet-10/lineitem.parquet,23,6,0,2,88,526379,0,8388608,0,1048576,834
/dev/shm/no_compression/parquet-10/lineitem.parquet,24,6,0,2,88,526379,0,8388608,0,1048576,792
/dev/shm/no_compression/parquet-10/lineitem.parquet,25,6,0,2,88,526379,0,8388608,0,1048576,793
/dev/shm/no_compression/parquet-10/lineitem.parquet,26,6,0,2,88,526379,0,8388608,0,1048576,793
/dev/shm/no_compression/parquet-10/lineitem.parquet,27,6,0,2,88,526379,0,8388608,0,1048576,791
/dev/shm/no_compression/parquet-10/lineitem.parquet,28,6,0,2,88,526379,0,8388608,0,1048576,793
/dev/shm/no_compression/parquet-10/lineitem.parquet,29,6,0,2,88,526379,0,8388608,0,1048576,792
/dev/shm/no_compression/parquet-10/lineitem.parquet,30,6,0,2,88,526379,0,8388608,0,1048576,792
/dev/shm/no_compression/parquet-10/lineitem.parquet,31,6,0,2,88,526379,0,8388608,0,1048576,795
/dev/shm/no_compression/parquet-10/lineitem.parquet,32,6,0,2,88,526379,0,8388608,0,1048576,792
/dev/shm/no_compression/parquet-10/lineitem.parquet,33,6,0,2,88,526379,0,8388608,0,1048576,798
/dev/shm/no_compression/parquet-10/lineitem.parquet,34,6,0,2,88,526379,0,8388608,0,1048576,817
/dev/shm/no_compression/parquet-10/lineitem.parquet,35,6,0,2,88,526379,0,8388608,0,1048576,810
/dev/shm/no_compression/parquet-10/lineitem.parquet,36,6,0,2,88,526379,0,8388608,0,1048576,806
/dev/shm/no_compression/parquet-10/lineitem.parquet,37,6,0,2,88,526379,0,8388608,0,1048576,808
/dev/shm/no_compression/parquet-10/lineitem.parquet,38,6,0,2,88,526379,0,8388608,0,1048576,804
/dev/shm/no_compression/parquet-10/lineitem.parquet,39,6,0,2,88,526379,0,8388608,0,1048576,801
/dev/shm/no_compression/parquet-10/lineitem.parquet,40,6,0,2,88,526379,0,8388608,0,1048576,812
/dev/shm/no_compression/parquet-10/lineitem.parquet,41,6,0,2,88,526379,0,8388608,0,1048576,802
/dev/shm/no_compression/parquet-10/lineitem.parquet,42,6,0,2,88,526379,0,8388608,0,1048576,808
/dev/shm/no_compression/parquet-10/lineitem.parquet,43,6,0,2,88,526379,0,8388608,0,1048576,802
/dev/shm/no_compression/parquet-10/lineitem.parquet,44,6,0,2,88,526379,0,8388608,0,1048576,799
/dev/shm/no_compression/parquet-10/lineitem.parquet,45,6,0,2,88,526379,0,8388608,0,1048576,801
/dev/shm/no_compression/parquet-10/lineitem.parquet,46,6,0,2,88,526379,0,8388608,0,1048576,796
/dev/shm/no_compression/parquet-10/lineitem.parquet,47,6,0,2,88,526379,0,8388608,0,1048576,800
/dev/shm/no_compression/parquet-10/lineitem.parquet,48,6,0,2,88,526379,0,8388608,0,1048576,797
/dev/shm/no_compression/parquet-10/lineitem.parquet,49,6,0,2,88,526379,0,8388608,0,1048576,800
/dev/shm/no_compression/parquet-10/lineitem.parquet,50,6,0,2,88,526379,0,8388608,0,1048576,800
/dev/shm/no_compression/parquet-10/lineitem.parquet,51,6,0,2,88,526379,0,8388608,0,1048576,795
/dev/shm/no_compression/parquet-10/lineitem.parquet,52,6,0,2,88,526379,0,8388608,0,1048576,795
/dev/shm/no_compression/parquet-10/lineitem.parquet,53,6,0,2,88,526379,0,8388608,0,1048576,803
/dev/shm/no_compression/parquet-10/lineitem.parquet,54,6,0,2,88,526379,0,8388608,0,1048576,804
/dev/shm/no_compression/parquet-10/lineitem.parquet,55,6,0,2,88,526379,0,8388608,0,1048576,807
/dev/shm/no_compression/parquet-10/lineitem.parquet,56,6,0,2,88,526379,0,8388608,0,1048576,803
/dev/shm/no_compression/parquet-10/lineitem.parquet,57,6,0,2,88,109052,0,1737760,0,217220,236
/dev/shm/no_compression/parquet-10/lineitem.parquet,0,7,0,2,72,526379,0,8388608,0,1048576,808
/dev/shm/no_compression/parquet-10/lineitem.parquet,1,7,0,2,72,526379,0,8388608,0,1048576,810
/dev/shm/no_compression/parquet-10/lineitem.parquet,2,7,0,2,72,526379,0,8388608,0,1048576,807
/dev/shm/no_compression/parquet-10/lineitem.parquet,3,7,0,2,72,526379,0,8388608,0,1048576,808
/dev/shm/no_compression/parquet-10/lineitem.parquet,4,7,0,2,72,526379,0,8388608,0,1048576,805
/dev/shm/no_compression/parquet-10/lineitem.parquet,5,7,0,2,72,526379,0,8388608,0,1048576,802
/dev/shm/no_compression/parquet-10/lineitem.parquet,6,7,0,2,72,526379,0,8388608,0,1048576,803
/dev/shm/no_compression/parquet-10/lineitem.parquet,7,7,0,2,72,526379,0,8388608,0,1048576,813
/dev/shm/no_compression/parquet-10/lineitem.parquet,8,7,0,2,72,526379,0,8388608,0,1048576,812
/dev/shm/no_compression/parquet-10/lineitem.parquet,9,7,0,2,72,526379,0,8388608,0,1048576,813
/dev/shm/no_compression/parquet-10/lineitem.parquet,10,7,0,2,72,526379,0,8388608,0,1048576,811
/dev/shm/no_compression/parquet-10/lineitem.parquet,11,7,0,2,72,526379,0,8388608,0,1048576,811
/dev/shm/no_compression/parquet-10/lineitem.parquet,12,7,0,2,72,526379,0,8388608,0,1048576,807
/dev/shm/no_compression/parquet-10/lineitem.parquet,13,7,0,2,72,526379,0,8388608,0,1048576,804
/dev/shm/no_compression/parquet-10/lineitem.parquet,14,7,0,2,72,526379,0,8388608,0,1048576,803
/dev/shm/no_compression/parquet-10/lineitem.parquet,15,7,0,2,72,526379,0,8388608,0,1048576,804
/dev/shm/no_compression/parquet-10/lineitem.parquet,16,7,0,2,72,526379,0,8388608,0,1048576,803
/dev/shm/no_compression/parquet-10/lineitem.parquet,17,7,0,2,72,526379,0,8388608,0,1048576,803
/dev/shm/no_compression/parquet-10/lineitem.parquet,18,7,0,2,72,526379,0,8388608,0,1048576,803
/dev/shm/no_compression/parquet-10/lineitem.parquet,19,7,0,2,72,526379,0,8388608,0,1048576,803
/dev/shm/no_compression/parquet-10/lineitem.parquet,20,7,0,2,72,526379,0,8388608,0,1048576,802
/dev/shm/no_compression/parquet-10/lineitem.parquet,21,7,0,2,72,526379,0,8388608,0,1048576,804
/dev/shm/no_compression/parquet-10/lineitem.parquet,22,7,0,2,72,526379,0,8388608,0,1048576,805
/dev/shm/no_compression/parquet-10/lineitem.parquet,23,7,0,2,72,526379,0,8388608,0,1048576,802
/dev/shm/no_compression/parquet-10/lineitem.parquet,24,7,0,2,72,526379,0,8388608,0,1048576,805
/dev/shm/no_compression/parquet-10/lineitem.parquet,25,7,0,2,72,526379,0,8388608,0,1048576,807
/dev/shm/no_compression/parquet-10/lineitem.parquet,26,7,0,2,72,526379,0,8388608,0,1048576,803
/dev/shm/no_compression/parquet-10/lineitem.parquet,27,7,0,2,72,526379,0,8388608,0,1048576,800
/dev/shm/no_compression/parquet-10/lineitem.parquet,28,7,0,2,72,526379,0,8388608,0,1048576,803
/dev/shm/no_compression/parquet-10/lineitem.parquet,29,7,0,2,72,526379,0,8388608,0,1048576,803
/dev/shm/no_compression/parquet-10/lineitem.parquet,30,7,0,2,72,526379,0,8388608,0,1048576,806
/dev/shm/no_compression/parquet-10/lineitem.parquet,31,7,0,2,72,526379,0,8388608,0,1048576,803
/dev/shm/no_compression/parquet-10/lineitem.parquet,32,7,0,2,72,526379,0,8388608,0,1048576,802
/dev/shm/no_compression/parquet-10/lineitem.parquet,33,7,0,2,72,526379,0,8388608,0,1048576,803
/dev/shm/no_compression/parquet-10/lineitem.parquet,34,7,0,2,72,526379,0,8388608,0,1048576,800
/dev/shm/no_compression/parquet-10/lineitem.parquet,35,7,0,2,72,526379,0,8388608,0,1048576,806
/dev/shm/no_compression/parquet-10/lineitem.parquet,36,7,0,2,72,526379,0,8388608,0,1048576,803
/dev/shm/no_compression/parquet-10/lineitem.parquet,37,7,0,2,72,526379,0,8388608,0,1048576,808
/dev/shm/no_compression/parquet-10/lineitem.parquet,38,7,0,2,72,526379,0,8388608,0,1048576,814
/dev/shm/no_compression/parquet-10/lineitem.parquet,39,7,0,2,72,526379,0,8388608,0,1048576,812
/dev/shm/no_compression/parquet-10/lineitem.parquet,40,7,0,2,72,526379,0,8388608,0,1048576,805
/dev/shm/no_compression/parquet-10/lineitem.parquet,41,7,0,2,72,526379,0,8388608,0,1048576,807
/dev/shm/no_compression/parquet-10/lineitem.parquet,42,7,0,2,72,526379,0,8388608,0,1048576,811
/dev/shm/no_compression/parquet-10/lineitem.parquet,43,7,0,2,72,526379,0,8388608,0,1048576,808
/dev/shm/no_compression/parquet-10/lineitem.parquet,44,7,0,2,72,526379,0,8388608,0,1048576,816
/dev/shm/no_compression/parquet-10/lineitem.parquet,45,7,0,2,72,526379,0,8388608,0,1048576,811
/dev/shm/no_compression/parquet-10/lineitem.parquet,46,7,0,2,72,526379,0,8388608,0,1048576,815
/dev/shm/no_compression/parquet-10/lineitem.parquet,47,7,0,2,72,526379,0,8388608,0,1048576,803
/dev/shm/no_compression/parquet-10/lineitem.parquet,48,7,0,2,72,526379,0,8388608,0,1048576,813
/dev/shm/no_compression/parquet-10/lineitem.parquet,49,7,0,2,72,526379,0,8388608,0,1048576,806
/dev/shm/no_compression/parquet-10/lineitem.parquet,50,7,0,2,72,526379,0,8388608,0,1048576,810
/dev/shm/no_compression/parquet-10/lineitem.parquet,51,7,0,2,72,526379,0,8388608,0,1048576,807
/dev/shm/no_compression/parquet-10/lineitem.parquet,52,7,0,2,72,526377,0,8388608,0,1048576,829
/dev/shm/no_compression/parquet-10/lineitem.parquet,53,7,0,2,72,526379,0,8388608,0,1048576,799
/dev/shm/no_compression/parquet-10/lineitem.parquet,54,7,0,2,72,526379,0,8388608,0,1048576,808
/dev/shm/no_compression/parquet-10/lineitem.parquet,55,7,0,2,72,526379,0,8388608,0,1048576,841
/dev/shm/no_compression/parquet-10/lineitem.parquet,56,7,0,2,72,526379,0,8388608,0,1048576,834
/dev/shm/no_compression/parquet-10/lineitem.parquet,57,7,0,2,72,109052,0,1737760,0,217220,229
/dev/shm/no_compression/parquet-10/lineitem.parquet,0,8,0,3,10104,1574963,0,4194304,0,1048576,484
/dev/shm/no_compression/parquet-10/lineitem.parquet,1,8,0,3,10104,1574963,0,4194304,0,1048576,487
/dev/shm/no_compression/parquet-10/lineitem.parquet,2,8,0,3,10104,1574963,0,4194304,0,1048576,504
/dev/shm/no_compression/parquet-10/lineitem.parquet,3,8,0,3,10104,1574963,0,4194304,0,1048576,496
/dev/shm/no_compression/parquet-10/lineitem.parquet,4,8,0,3,10104,1574963,0,4194304,0,1048576,485
/dev/shm/no_compression/parquet-10/lineitem.parquet,5,8,0,3,10104,1574963,0,4194304,0,1048576,478
/dev/shm/no_compression/parquet-10/lineitem.parquet,6,8,0,3,10104,1574963,0,4194304,0,1048576,475
/dev/shm/no_compression/parquet-10/lineitem.parquet,7,8,0,3,10104,1574963,0,4194304,0,1048576,480
/dev/shm/no_compression/parquet-10/lineitem.parquet,8,8,0,3,10104,1574963,0,4194304,0,1048576,476
/dev/shm/no_compression/parquet-10/lineitem.parquet,9,8,0,3,10104,1574963,0,4194304,0,1048576,480
/dev/shm/no_compression/parquet-10/lineitem.parquet,10,8,0,3,10104,1574963,0,4194304,0,1048576,477
/dev/shm/no_compression/parquet-10/lineitem.parquet,11,8,0,3,10104,1574963,0,4194304,0,1048576,479
/dev/shm/no_compression/parquet-10/lineitem.parquet,12,8,0,3,10104,1574963,0,4194304,0,1048576,481
/dev/shm/no_compression/parquet-10/lineitem.parquet,13,8,0,3,10104,1574963,0,4194304,0,1048576,475
/dev/shm/no_compression/parquet-10/lineitem.parquet,14,8,0,3,10104,1574963,0,4194304,0,1048576,481
/dev/shm/no_compression/parquet-10/lineitem.parquet,15,8,0,3,10100,1574963,0,4194304,0,1048576,478
/dev/shm/no_compression/parquet-10/lineitem.parquet,16,8,0,3,10104,1574963,0,4194304,0,1048576,479
/dev/shm/no_compression/parquet-10/lineitem.parquet,17,8,0,3,10104,1574963,0,4194304,0,1048576,478
/dev/shm/no_compression/parquet-10/lineitem.parquet,18,8,0,3,10104,1574963,0,4194304,0,1048576,476
/dev/shm/no_compression/parquet-10/lineitem.parquet,19,8,0,3,10104,1574963,0,4194304,0,1048576,482
/dev/shm/no_compression/parquet-10/lineitem.parquet,20,8,0,3,10104,1574963,0,4194304,0,1048576,476
/dev/shm/no_compression/parquet-10/lineitem.parquet,21,8,0,3,10104,1574963,0,4194304,0,1048576,482
/dev/shm/no_compression/parquet-10/lineitem.parquet,22,8,0,3,10104,1574963,0,4194304,0,1048576,483
/dev/shm/no_compression/parquet-10/lineitem.parquet,23,8,0,3,10104,1574963,0,4194304,0,1048576,490
/dev/shm/no_compression/parquet-10/lineitem.parquet,24,8,0,3,10104,1574963,0,4194304,0,1048576,478
/dev/shm/no_compression/parquet-10/lineitem.parquet,25,8,0,3,10104,1574963,0,4194304,0,1048576,494
/dev/shm/no_compression/parquet-10/lineitem.parquet,26,8,0,3,10104,1574963,0,4194304,0,1048576,478
/dev/shm/no_compression/parquet-10/lineitem.parquet,27,8,0,3,10104,1574963,0,4194304,0,1048576,477
/dev/shm/no_compression/parquet-10/lineitem.parquet,28,8,0,3,10100,1574963,0,4194304,0,1048576,482
/dev/shm/no_compression/parquet-10/lineitem.parquet,29,8,0,3,10104,1574963,0,4194304,0,1048576,476
/dev/shm/no_compression/parquet-10/lineitem.parquet,30,8,0,3,10104,1574963,0,4194304,0,1048576,482
/dev/shm/no_compression/parquet-10/lineitem.parquet,31,8,0,3,10104,1574963,0,4194304,0,1048576,479
/dev/shm/no_compression/parquet-10/lineitem.parquet,32,8,0,3,10104,1574963,0,4194304,0,1048576,478
/dev/shm/no_compression/parquet-10/lineitem.parquet,33,8,0,3,10104,1574963,0,4194304,0,1048576,479
/dev/shm/no_compression/parquet-10/lineitem.parquet,34,8,0,3,10104,1574963,0,4194304,0,1048576,477
/dev/shm/no_compression/parquet-10/lineitem.parquet,35,8,0,3,10104,1574963,0,4194304,0,1048576,480
/dev/shm/no_compression/parquet-10/lineitem.parquet,36,8,0,3,10104,1574963,0,4194304,0,1048576,478
/dev/shm/no_compression/parquet-10/lineitem.parquet,37,8,0,3,10104,1574963,0,4194304,0,1048576,478
/dev/shm/no_compression/parquet-10/lineitem.parquet,38,8,0,3,10104,1574963,0,4194304,0,1048576,479
/dev/shm/no_compression/parquet-10/lineitem.parquet,39,8,0,3,10100,1574963,0,4194304,0,1048576,477
/dev/shm/no_compression/parquet-10/lineitem.parquet,40,8,0,3,10104,1574963,0,4194304,0,1048576,479
/dev/shm/no_compression/parquet-10/lineitem.parquet,41,8,0,3,10104,1574963,0,4194304,0,1048576,481
/dev/shm/no_compression/parquet-10/lineitem.parquet,42,8,0,3,10104,1574963,0,4194304,0,1048576,480
/dev/shm/no_compression/parquet-10/lineitem.parquet,43,8,0,3,10104,1574963,0,4194304,0,1048576,482
/dev/shm/no_compression/parquet-10/lineitem.parquet,44,8,0,3,10104,1574963,0,4194304,0,1048576,478
/dev/shm/no_compression/parquet-10/lineitem.parquet,45,8,0,3,10104,1574963,0,4194304,0,1048576,489
/dev/shm/no_compression/parquet-10/lineitem.parquet,46,8,0,3,10100,1574963,0,4194304,0,1048576,481
/dev/shm/no_compression/parquet-10/lineitem.parquet,47,8,0,3,10104,1574963,0,4194304,0,1048576,488
/dev/shm/no_compression/parquet-10/lineitem.parquet,48,8,0,3,10100,1574963,0,4194304,0,1048576,478
/dev/shm/no_compression/parquet-10/lineitem.parquet,49,8,0,3,10104,1574963,0,4194304,0,1048576,478
/dev/shm/no_compression/parquet-10/lineitem.parquet,50,8,0,3,10104,1574963,0,4194304,0,1048576,479
/dev/shm/no_compression/parquet-10/lineitem.parquet,51,8,0,3,10104,1574963,0,4194304,0,1048576,476
/dev/shm/no_compression/parquet-10/lineitem.parquet,52,8,0,3,10104,1574963,0,4194304,0,1048576,479
/dev/shm/no_compression/parquet-10/lineitem.parquet,53,8,0,3,10104,1574963,0,4194304,0,1048576,475
/dev/shm/no_compression/parquet-10/lineitem.parquet,54,8,0,3,10104,1574963,0,4194304,0,1048576,482
/dev/shm/no_compression/parquet-10/lineitem.parquet,55,8,0,3,10104,1574963,0,4194304,0,1048576,478
/dev/shm/no_compression/parquet-10/lineitem.parquet,56,8,0,3,10104,1574963,0,4194304,0,1048576,479
/dev/shm/no_compression/parquet-10/lineitem.parquet,57,8,0,2,10096,326276,0,868880,0,217220,160
/dev/shm/no_compression/parquet-10/lineitem.parquet,0,9,0,3,9864,1574963,0,4194304,0,1048576,478
/dev/shm/no_compression/parquet-10/lineitem.parquet,1,9,0,3,9864,1574963,0,4194304,0,1048576,476
/dev/shm/no_compression/parquet-10/lineitem.parquet,2,9,0,3,9864,1574963,0,4194304,0,1048576,476
/dev/shm/no_compression/parquet-10/lineitem.parquet,3,9,0,3,9864,1574963,0,4194304,0,1048576,477
/dev/shm/no_compression/parquet-10/lineitem.parquet,4,9,0,3,9864,1574963,0,4194304,0,1048576,475
/dev/shm/no_compression/parquet-10/lineitem.parquet,5,9,0,3,9864,1574963,0,4194304,0,1048576,477
/dev/shm/no_compression/parquet-10/lineitem.parquet,6,9,0,3,9864,1574963,0,4194304,0,1048576,475
/dev/shm/no_compression/parquet-10/lineitem.parquet,7,9,0,3,9864,1574963,0,4194304,0,1048576,478
/dev/shm/no_compression/parquet-10/lineitem.parquet,8,9,0,3,9864,1574963,0,4194304,0,1048576,474
/dev/shm/no_compression/parquet-10/lineitem.parquet,9,9,0,3,9864,1574963,0,4194304,0,1048576,478
/dev/shm/no_compression/parquet-10/lineitem.parquet,10,9,0,3,9864,1574963,0,4194304,0,1048576,476
/dev/shm/no_compression/parquet-10/lineitem.parquet,11,9,0,3,9864,1574963,0,4194304,0,1048576,488
/dev/shm/no_compression/parquet-10/lineitem.parquet,12,9,0,3,9864,1574963,0,4194304,0,1048576,491
/dev/shm/no_compression/parquet-10/lineitem.parquet,13,9,0,3,9864,1574963,0,4194304,0,1048576,480
/dev/shm/no_compression/parquet-10/lineitem.parquet,14,9,0,3,9864,1574963,0,4194304,0,1048576,476
/dev/shm/no_compression/parquet-10/lineitem.parquet,15,9,0,3,9864,1574963,0,4194304,0,1048576,483
/dev/shm/no_compression/parquet-10/lineitem.parquet,16,9,0,3,9864,1574963,0,4194304,0,1048576,479
/dev/shm/no_compression/parquet-10/lineitem.parquet,17,9,0,3,9864,1574963,0,4194304,0,1048576,475
/dev/shm/no_compression/parquet-10/lineitem.parquet,18,9,0,3,9864,1574963,0,4194304,0,1048576,483
/dev/shm/no_compression/parquet-10/lineitem.parquet,19,9,0,3,9864,1574963,0,4194304,0,1048576,475
/dev/shm/no_compression/parquet-10/lineitem.parquet,20,9,0,3,9864,1574963,0,4194304,0,1048576,479
/dev/shm/no_compression/parquet-10/lineitem.parquet,21,9,0,3,9864,1574963,0,4194304,0,1048576,475
/dev/shm/no_compression/parquet-10/lineitem.parquet,22,9,0,3,9864,1574963,0,4194304,0,1048576,475
/dev/shm/no_compression/parquet-10/lineitem.parquet,23,9,0,3,9864,1574963,0,4194304,0,1048576,479
/dev/shm/no_compression/parquet-10/lineitem.parquet,24,9,0,3,9864,1574963,0,4194304,0,1048576,478
/dev/shm/no_compression/parquet-10/lineitem.parquet,25,9,0,3,9864,1574963,0,4194304,0,1048576,482
/dev/shm/no_compression/parquet-10/lineitem.parquet,26,9,0,3,9864,1574963,0,4194304,0,1048576,476
/dev/shm/no_compression/parquet-10/lineitem.parquet,27,9,0,3,9864,1574963,0,4194304,0,1048576,476
/dev/shm/no_compression/parquet-10/lineitem.parquet,28,9,0,3,9864,1574963,0,4194304,0,1048576,478
/dev/shm/no_compression/parquet-10/lineitem.parquet,29,9,0,3,9864,1574963,0,4194304,0,1048576,475
/dev/shm/no_compression/parquet-10/lineitem.parquet,30,9,0,3,9864,1574963,0,4194304,0,1048576,480
/dev/shm/no_compression/parquet-10/lineitem.parquet,31,9,0,3,9864,1574963,0,4194304,0,1048576,478
/dev/shm/no_compression/parquet-10/lineitem.parquet,32,9,0,3,9864,1574963,0,4194304,0,1048576,483
/dev/shm/no_compression/parquet-10/lineitem.parquet,33,9,0,3,9864,1574963,0,4194304,0,1048576,496
/dev/shm/no_compression/parquet-10/lineitem.parquet,34,9,0,3,9864,1574963,0,4194304,0,1048576,477
/dev/shm/no_compression/parquet-10/lineitem.parquet,35,9,0,3,9864,1574963,0,4194304,0,1048576,489
/dev/shm/no_compression/parquet-10/lineitem.parquet,36,9,0,3,9864,1574963,0,4194304,0,1048576,480
/dev/shm/no_compression/parquet-10/lineitem.parquet,37,9,0,3,9864,1574963,0,4194304,0,1048576,477
/dev/shm/no_compression/parquet-10/lineitem.parquet,38,9,0,3,9864,1574963,0,4194304,0,1048576,478
/dev/shm/no_compression/parquet-10/lineitem.parquet,39,9,0,3,9864,1574963,0,4194304,0,1048576,481
/dev/shm/no_compression/parquet-10/lineitem.parquet,40,9,0,3,9864,1574963,0,4194304,0,1048576,477
/dev/shm/no_compression/parquet-10/lineitem.parquet,41,9,0,3,9864,1574963,0,4194304,0,1048576,479
/dev/shm/no_compression/parquet-10/lineitem.parquet,42,9,0,3,9864,1574963,0,4194304,0,1048576,480
/dev/shm/no_compression/parquet-10/lineitem.parquet,43,9,0,3,9864,1574963,0,4194304,0,1048576,478
/dev/shm/no_compression/parquet-10/lineitem.parquet,44,9,0,3,9864,1574963,0,4194304,0,1048576,477
/dev/shm/no_compression/parquet-10/lineitem.parquet,45,9,0,3,9864,1574963,0,4194304,0,1048576,477
/dev/shm/no_compression/parquet-10/lineitem.parquet,46,9,0,3,9864,1574963,0,4194304,0,1048576,472
/dev/shm/no_compression/parquet-10/lineitem.parquet,47,9,0,3,9864,1574963,0,4194304,0,1048576,475
/dev/shm/no_compression/parquet-10/lineitem.parquet,48,9,0,3,9864,1574963,0,4194304,0,1048576,475
/dev/shm/no_compression/parquet-10/lineitem.parquet,49,9,0,3,9864,1574963,0,4194304,0,1048576,475
/dev/shm/no_compression/parquet-10/lineitem.parquet,50,9,0,3,9864,1574963,0,4194304,0,1048576,477
/dev/shm/no_compression/parquet-10/lineitem.parquet,51,9,0,3,9864,1574963,0,4194304,0,1048576,469
/dev/shm/no_compression/parquet-10/lineitem.parquet,52,9,0,3,9864,1574963,0,4194304,0,1048576,473
/dev/shm/no_compression/parquet-10/lineitem.parquet,53,9,0,3,9864,1574963,0,4194304,0,1048576,478
/dev/shm/no_compression/parquet-10/lineitem.parquet,54,9,0,3,9864,1574963,0,4194304,0,1048576,477
/dev/shm/no_compression/parquet-10/lineitem.parquet,55,9,0,3,9864,1574963,0,4194304,0,1048576,480
/dev/shm/no_compression/parquet-10/lineitem.parquet,56,9,0,3,9864,1574963,0,4194304,0,1048576,490
/dev/shm/no_compression/parquet-10/lineitem.parquet,57,9,0,2,9860,326276,0,868880,0,217220,161
/dev/shm/no_compression/parquet-10/lineitem.parquet,0,10,0,3,10196,1574963,0,4194304,0,1048576,481
/dev/shm/no_compression/parquet-10/lineitem.parquet,1,10,0,3,10204,1574963,0,4194304,0,1048576,492
/dev/shm/no_compression/parquet-10/lineitem.parquet,2,10,0,3,10200,1574963,0,4194304,0,1048576,483
/dev/shm/no_compression/parquet-10/lineitem.parquet,3,10,0,3,10200,1574963,0,4194304,0,1048576,487
/dev/shm/no_compression/parquet-10/lineitem.parquet,4,10,0,3,10192,1574963,0,4194304,0,1048576,471
/dev/shm/no_compression/parquet-10/lineitem.parquet,5,10,0,3,10204,1574963,0,4194304,0,1048576,484
/dev/shm/no_compression/parquet-10/lineitem.parquet,6,10,0,3,10192,1574963,0,4194304,0,1048576,479
/dev/shm/no_compression/parquet-10/lineitem.parquet,7,10,0,3,10196,1574963,0,4194304,0,1048576,480
/dev/shm/no_compression/parquet-10/lineitem.parquet,8,10,0,3,10200,1574963,0,4194304,0,1048576,473
/dev/shm/no_compression/parquet-10/lineitem.parquet,9,10,0,3,10196,1574963,0,4194304,0,1048576,480
/dev/shm/no_compression/parquet-10/lineitem.parquet,10,10,0,3,10196,1574963,0,4194304,0,1048576,483
/dev/shm/no_compression/parquet-10/lineitem.parquet,11,10,0,3,10196,1574963,0,4194304,0,1048576,475
/dev/shm/no_compression/parquet-10/lineitem.parquet,12,10,0,3,10192,1574963,0,4194304,0,1048576,476
/dev/shm/no_compression/parquet-10/lineitem.parquet,13,10,0,3,10192,1574963,0,4194304,0,1048576,483
/dev/shm/no_compression/parquet-10/lineitem.parquet,14,10,0,3,10200,1574963,0,4194304,0,1048576,474
/dev/shm/no_compression/parquet-10/lineitem.parquet,15,10,0,3,10200,1574963,0,4194304,0,1048576,472
/dev/shm/no_compression/parquet-10/lineitem.parquet,16,10,0,3,10200,1574963,0,4194304,0,1048576,469
/dev/shm/no_compression/parquet-10/lineitem.parquet,17,10,0,3,10204,1574963,0,4194304,0,1048576,476
/dev/shm/no_compression/parquet-10/lineitem.parquet,18,10,0,3,10208,1574963,0,4194304,0,1048576,478
/dev/shm/no_compression/parquet-10/lineitem.parquet,19,10,0,3,10200,1574963,0,4194304,0,1048576,483
/dev/shm/no_compression/parquet-10/lineitem.parquet,20,10,0,3,10200,1574963,0,4194304,0,1048576,479
/dev/shm/no_compression/parquet-10/lineitem.parquet,21,10,0,3,10204,1574963,0,4194304,0,1048576,469
/dev/shm/no_compression/parquet-10/lineitem.parquet,22,10,0,3,10200,1574963,0,4194304,0,1048576,480
/dev/shm/no_compression/parquet-10/lineitem.parquet,23,10,0,3,10196,1574963,0,4194304,0,1048576,492
/dev/shm/no_compression/parquet-10/lineitem.parquet,24,10,0,3,10200,1574963,0,4194304,0,1048576,481
/dev/shm/no_compression/parquet-10/lineitem.parquet,25,10,0,3,10196,1574963,0,4194304,0,1048576,482
/dev/shm/no_compression/parquet-10/lineitem.parquet,26,10,0,3,10188,1574963,0,4194304,0,1048576,478
/dev/shm/no_compression/parquet-10/lineitem.parquet,27,10,0,3,10208,1574963,0,4194304,0,1048576,481
/dev/shm/no_compression/parquet-10/lineitem.parquet,28,10,0,3,10200,1574963,0,4194304,0,1048576,484
/dev/shm/no_compression/parquet-10/lineitem.parquet,29,10,0,3,10208,1574963,0,4194304,0,1048576,476
/dev/shm/no_compression/parquet-10/lineitem.parquet,30,10,0,3,10208,1574963,0,4194304,0,1048576,480
/dev/shm/no_compression/parquet-10/lineitem.parquet,31,10,0,3,10204,1574963,0,4194304,0,1048576,480
/dev/shm/no_compression/parquet-10/lineitem.parquet,32,10,0,3,10208,1574963,0,4194304,0,1048576,483
/dev/shm/no_compression/parquet-10/lineitem.parquet,33,10,0,3,10200,1574963,0,4194304,0,1048576,483
/dev/shm/no_compression/parquet-10/lineitem.parquet,34,10,0,3,10196,1574963,0,4194304,0,1048576,476
/dev/shm/no_compression/parquet-10/lineitem.parquet,35,10,0,3,10204,1574963,0,4194304,0,1048576,479
/dev/shm/no_compression/parquet-10/lineitem.parquet,36,10,0,3,10200,1574963,0,4194304,0,1048576,475
/dev/shm/no_compression/parquet-10/lineitem.parquet,37,10,0,3,10200,1574963,0,4194304,0,1048576,483
/dev/shm/no_compression/parquet-10/lineitem.parquet,38,10,0,3,10196,1574963,0,4194304,0,1048576,478
/dev/shm/no_compression/parquet-10/lineitem.parquet,39,10,0,3,10204,1574963,0,4194304,0,1048576,476
/dev/shm/no_compression/parquet-10/lineitem.parquet,40,10,0,3,10208,1574963,0,4194304,0,1048576,475
/dev/shm/no_compression/parquet-10/lineitem.parquet,41,10,0,3,10204,1574963,0,4194304,0,1048576,474
/dev/shm/no_compression/parquet-10/lineitem.parquet,42,10,0,3,10192,1574963,0,4194304,0,1048576,478
/dev/shm/no_compression/parquet-10/lineitem.parquet,43,10,0,3,10196,1574963,0,4194304,0,1048576,478
/dev/shm/no_compression/parquet-10/lineitem.parquet,44,10,0,3,10200,1574963,0,4194304,0,1048576,488
/dev/shm/no_compression/parquet-10/lineitem.parquet,45,10,0,3,10192,1574963,0,4194304,0,1048576,487
/dev/shm/no_compression/parquet-10/lineitem.parquet,46,10,0,3,10200,1574963,0,4194304,0,1048576,485
/dev/shm/no_compression/parquet-10/lineitem.parquet,47,10,0,3,10196,1574963,0,4194304,0,1048576,493
/dev/shm/no_compression/parquet-10/lineitem.parquet,48,10,0,3,10196,1574963,0,4194304,0,1048576,484
/dev/shm/no_compression/parquet-10/lineitem.parquet,49,10,0,3,10196,1574963,0,4194304,0,1048576,486
/dev/shm/no_compression/parquet-10/lineitem.parquet,50,10,0,3,10204,1574963,0,4194304,0,1048576,484
/dev/shm/no_compression/parquet-10/lineitem.parquet,51,10,0,3,10200,1574963,0,4194304,0,1048576,491
/dev/shm/no_compression/parquet-10/lineitem.parquet,52,10,0,3,10200,1574963,0,4194304,0,1048576,489
/dev/shm/no_compression/parquet-10/lineitem.parquet,53,10,0,3,10204,1574963,0,4194304,0,1048576,488
/dev/shm/no_compression/parquet-10/lineitem.parquet,54,10,0,3,10204,1574963,0,4194304,0,1048576,484
/dev/shm/no_compression/parquet-10/lineitem.parquet,55,10,0,3,10196,1574963,0,4194304,0,1048576,487
/dev/shm/no_compression/parquet-10/lineitem.parquet,56,10,0,3,10200,1574963,0,4194304,0,1048576,493
/dev/shm/no_compression/parquet-10/lineitem.parquet,57,10,0,2,10164,326276,0,868880,0,217220,186
/dev/shm/no_compression/parquet-10/nation.parquet,0,0,0,2,100,28,0,100,0,25,146
/dev/shm/no_compression/parquet-10/nation.parquet,0,1,0,2,20,20,0,100,0,25,73
/dev/shm/no_compression/parquet-10/part.parquet,0,0,0,9,8388664,278798,7340032,1048576,917504,131072,901
/dev/shm/no_compression/parquet-10/part.parquet,1,0,0,9,7611448,278798,6562816,1048576,820352,131072,770
/dev/shm/no_compression/parquet-10/part.parquet,0,1,0,2,200,788523,0,4194304,0,1048576,462
/dev/shm/no_compression/parquet-10/part.parquet,1,1,0,2,200,715465,0,3805696,0,951424,426
/dev/shm/no_compression/parquet-10/part.parquet,0,2,0,3,206024,1968180,0,8388608,0,1048576,779
/dev/shm/no_compression/parquet-10/part.parquet,1,2,0,3,197192,1785827,0,7611392,0,951424,725
/dev/shm/no_compression/parquet-10/partsupp.parquet,0,0,0,7,5242912,1115171,4194304,4194304,524288,524288,868
/dev/shm/no_compression/parquet-10/partsupp.parquet,1,0,0,7,5242912,1115171,4194304,4194304,524288,524288,813
/dev/shm/no_compression/parquet-10/partsupp.parquet,2,0,0,7,5242912,1115171,4194304,4194304,524288,524288,807
/dev/shm/no_compression/parquet-10/partsupp.parquet,3,0,0,7,5242912,1115171,4194304,4194304,524288,524288,835
/dev/shm/no_compression/parquet-10/partsupp.parquet,4,0,0,7,5242912,1115171,4194304,4194304,524288,524288,808
/dev/shm/no_compression/parquet-10/partsupp.parquet,5,0,0,7,5242912,1115171,4194304,4194304,524288,524288,810
/dev/shm/no_compression/parquet-10/partsupp.parquet,6,0,0,7,5242912,1115171,4194304,4194304,524288,524288,812
/dev/shm/no_compression/parquet-10/partsupp.parquet,7,0,0,5,2134031,1115171,1085440,4194304,135680,524288,564
/dev/shm/no_compression/parquet-10/partsupp.parquet,0,1,0,4,800000,2230333,0,8388608,0,1048576,762
/dev/shm/no_compression/parquet-10/partsupp.parquet,1,1,0,4,800000,2230333,0,8388608,0,1048576,763
/dev/shm/no_compression/parquet-10/partsupp.parquet,2,1,0,4,800000,2230333,0,8388608,0,1048576,761
/dev/shm/no_compression/parquet-10/partsupp.parquet,3,1,0,4,800000,2230333,0,8388608,0,1048576,759
/dev/shm/no_compression/parquet-10/partsupp.parquet,4,1,0,4,800000,2230333,0,8388608,0,1048576,761
/dev/shm/no_compression/parquet-10/partsupp.parquet,5,1,0,4,800000,2230333,0,8388608,0,1048576,765
/dev/shm/no_compression/parquet-10/partsupp.parquet,6,1,0,4,800000,2230333,0,8388608,0,1048576,757
/dev/shm/no_compression/parquet-10/partsupp.parquet,7,1,0,3,800000,1403761,0,5279744,0,659968,536
/dev/shm/no_compression/parquet-10/partsupp.parquet,0,2,0,3,79992,1837108,0,8388608,0,1048576,891
/dev/shm/no_compression/parquet-10/partsupp.parquet,1,2,0,3,79992,1837108,0,8388608,0,1048576,916
/dev/shm/no_compression/parquet-10/partsupp.parquet,2,2,0,3,79992,1837108,0,8388608,0,1048576,893
/dev/shm/no_compression/parquet-10/partsupp.parquet,3,2,0,3,79992,1837108,0,8388608,0,1048576,893
/dev/shm/no_compression/parquet-10/partsupp.parquet,4,2,0,3,79992,1837108,0,8388608,0,1048576,892
/dev/shm/no_compression/parquet-10/partsupp.parquet,5,2,0,3,79992,1837108,0,8388608,0,1048576,893
/dev/shm/no_compression/parquet-10/partsupp.parquet,6,2,0,3,79992,1837108,0,8388608,0,1048576,918
/dev/shm/no_compression/parquet-10/partsupp.parquet,7,2,0,3,79992,1156273,0,5279744,0,659968,610
/dev/shm/no_compression/parquet-10/partsupp.parquet,0,3,0,4,799184,2230333,0,8388608,0,1048576,966
/dev/shm/no_compression/parquet-10/partsupp.parquet,1,3,0,4,799192,2230333,0,8388608,0,1048576,951
/dev/shm/no_compression/parquet-10/partsupp.parquet,2,3,0,4,799192,2230333,0,8388608,0,1048576,938
/dev/shm/no_compression/parquet-10/partsupp.parquet,3,3,0,4,799192,2230333,0,8388608,0,1048576,935
/dev/shm/no_compression/parquet-10/partsupp.parquet,4,3,0,4,799184,2230333,0,8388608,0,1048576,951
/dev/shm/no_compression/parquet-10/partsupp.parquet,5,3,0,4,799152,2230333,0,8388608,0,1048576,956
/dev/shm/no_compression/parquet-10/partsupp.parquet,6,3,0,4,799184,2230333,0,8388608,0,1048576,928
/dev/shm/no_compression/parquet-10/partsupp.parquet,7,3,0,3,797880,1403761,0,5279744,0,659968,636
/dev/shm/no_compression/parquet-10/region.parquet,0,0,0,2,20,11,0,20,0,5,125
/dev/shm/no_compression/parquet-10/supplier.parquet,0,0,0,2,800000,212708,0,800000,0,100000,315
/dev/shm/no_compression/parquet-10/supplier.parquet,0,1,0,2,100,62708,0,400000,0,100000,128
/dev/shm/no_compression/parquet-10/supplier.parquet,0,2,0,2,764704,212708,0,800000,0,100000,197
